Código Municipio;Municipio ;Código Departamento;Departamento;Actividades primarias *;Actividades secundarias **;Actividades terciarias ***;"Valor agregado
";Peso relativo municipal en el valor agregado departamental (%)
05001;MEDELLIN;05;Antioquia;255.4927532;14706.33682;69562.49736;84524.32693; 40.3 
05002;ABEJORRAL;05;Antioquia;279.4558323;24.11009687;207.8043917;511.3703208; 0.2 
05004;ABRIAQUI;05;Antioquia;22.86494093;2.624670594;28.92852357;54.41813509; 0.0 
05021;ALEJANDRIA;05;Antioquia;14.4323193;4.102331841;65.04837067;83.58302181; 0.0 
05030;AMAGA;05;Antioquia;89.17519768;352.2951666;408.7152597;850.1856239; 0.4 
05031;AMALFI;05;Antioquia;91.18627588;59.61727648;1233.809715;1384.613268; 0.7 
05034;ANDES;05;Antioquia;196.2827808;82.67386051;586.3144136;865.271055; 0.4 
05036;ANGELOPOLIS;05;Antioquia;52.1646605;6.245160884;73.26822618;131.6780476; 0.1 
05038;ANGOSTURA;05;Antioquia;44.24707766;8.947711584;126.0826239;179.2774131; 0.1 
05040;ANORI;05;Antioquia;208.9612164;12.89866744;210.5072258;432.3671096; 0.2 
05042;SANTAFE DE ANTIOQUIA;05;Antioquia;60.50533398;20.35388483;417.9078051;498.7670239; 0.2 
05044;ANZA;05;Antioquia;106.0644103;8.837860615;75.3303803;190.2326512; 0.1 
05045;APARTADO;05;Antioquia;1124.306815;216.6142323;2319.348647;3660.269695; 1.7 
05051;ARBOLETES;05;Antioquia;138.9987317;24.46114217;336.8422598;500.3021337; 0.2 
05055;ARGELIA;05;Antioquia;31.10735121;5.556055557;73.58858739;110.2519942; 0.1 
05059;ARMENIA;05;Antioquia;21.60563351;4.11842162;55.92264438;81.64669951; 0.0 
05079;BARBOSA;05;Antioquia;224.9396114;642.544569;829.510823;1696.995003; 0.8 
05086;BELMIRA;05;Antioquia;44.3890092;6.244506076;80.54319988;131.1767152; 0.1 
05088;BELLO;05;Antioquia;88.32293918;1370.275475;7468.885306;8927.48372; 4.3 
05091;BETANIA;05;Antioquia;154.6733962;13.55924166;124.5777888;292.8104267; 0.1 
05093;BETULIA;05;Antioquia;149.7324842;16.27783761;176.3595267;342.3698485; 0.2 
05101;CIUDAD BOLIVAR;05;Antioquia;166.0425227;24.26578829;378.1282865;568.4365974; 0.3 
05107;BRICEÑO;05;Antioquia;43.61776041;6.071547134;94.74429242;144.4336; 0.1 
05113;BURITICA;05;Antioquia;1899.990119;7.007036596;111.8321045;2018.82926; 1.0 
05120;CACERES;05;Antioquia;136.5744393;24.59758578;370.8901032;532.0621282; 0.3 
05125;CAICEDO;05;Antioquia;53.97298299;7.546297144;94.13237544;155.6516556; 0.1 
05129;CALDAS;05;Antioquia;120.2017141;425.9700545;1253.412697;1799.584465; 0.9 
05134;CAMPAMENTO;05;Antioquia;21.01124554;6.106588624;91.99688787;119.114722; 0.1 
05138;CAÑASGORDAS;05;Antioquia;83.46971184;18.43723138;204.219932;306.1268752; 0.1 
05142;CARACOLI;05;Antioquia;16.3215036;4.100431932;63.4132605;83.83519603; 0.0 
05145;CARAMANTA;05;Antioquia;38.43437319;5.058890373;62.15692734;105.6501909; 0.1 
05147;CAREPA;05;Antioquia;973.4862215;79.42598178;681.0118531;1733.924056; 0.8 
05148;EL CARMEN DE VIBORAL;05;Antioquia;224.0980561;65.09402227;918.915257;1208.107335; 0.6 
05150;CAROLINA;05;Antioquia;28.84990672;4.331400337;56.84482956;90.02613662; 0.0 
05154;CAUCASIA;05;Antioquia;1559.444038;71.85111931;1301.135334;2932.430491; 1.4 
05172;CHIGORODO;05;Antioquia;842.2872255;80.94051477;845.6018352;1768.829576; 0.8 
05190;CISNEROS;05;Antioquia;16.25532308;9.362324653;173.0609426;198.6785904; 0.1 
05197;COCORNA;05;Antioquia;40.84670534;12.00833567;181.8064616;234.6615026; 0.1 
05206;CONCEPCION;05;Antioquia;34.6587501;4.530621975;53.90000933;93.0893814; 0.0 
05209;CONCORDIA;05;Antioquia;321.8856692;27.68904322;244.9963685;594.571081; 0.3 
05212;COPACABANA;05;Antioquia;27.25673341;954.6142806;1201.166725;2183.037739; 1.0 
05234;DABEIBA;05;Antioquia;183.8325779;19.24985606;271.3498152;474.4322491; 0.2 
05237;DONMATIAS;05;Antioquia;328.2732379;47.74046089;348.2200509;724.2337498; 0.3 
05240;EBEJICO;05;Antioquia;243.8546211;18.51557112;140.7194458;403.089638; 0.2 
05250;EL BAGRE;05;Antioquia;707.2236741;36.01681191;643.6421288;1386.882615; 0.7 
05264;ENTRERRIOS;05;Antioquia;206.4614214;250.3625017;198.5697497;655.3936728; 0.3 
05266;ENVIGADO;05;Antioquia;28.86470957;2839.277489;9198.518605;12066.6608; 5.8 
05282;FREDONIA;05;Antioquia;315.0853688;32.59212185;300.9858802;648.6633708; 0.3 
05284;FRONTINO;05;Antioquia;76.03972027;15.33147515;232.2729411;323.6441365; 0.2 
05306;GIRALDO;05;Antioquia;10.20652786;3.290298008;65.30716521;78.80399108; 0.0 
05308;GIRARDOTA;05;Antioquia;172.3694779;2241.261691;1214.87341;3628.504579; 1.7 
05310;GOMEZ PLATA;05;Antioquia;63.76572204;23.66542645;452.0326495;539.4637979; 0.3 
05313;GRANADA;05;Antioquia;30.04521122;7.106997414;102.8099163;139.9621249; 0.1 
05315;GUADALUPE;05;Antioquia;15.78161626;4.927323866;76.61013101;97.31907113; 0.0 
05318;GUARNE;05;Antioquia;111.6070068;1009.76054;939.006878;2060.374425; 1.0 
05321;GUATAPE;05;Antioquia;9.497560418;30.49684214;662.4659292;702.4603317; 0.3 
05347;HELICONIA;05;Antioquia;26.68291052;4.623041047;61.25382482;92.55977639; 0.0 
05353;HISPANIA;05;Antioquia;48.62889389;5.828664908;67.35507554;121.8126343; 0.1 
05360;ITAGUI;05;Antioquia;2.707280967;4354.375769;7262.024479;11619.10753; 5.5 
05361;ITUANGO;05;Antioquia;80.39492719;19.53665868;281.361714;381.2932999; 0.2 
05364;JARDIN;05;Antioquia;144.3888902;18.64877745;235.5367459;398.5744135; 0.2 
05368;JERICO;05;Antioquia;248.9436033;20.72702908;180.8891284;450.5597608; 0.2 
05376;LA CEJA;05;Antioquia;138.754852;134.6820852;1141.715334;1415.152271; 0.7 
05380;LA ESTRELLA;05;Antioquia;14.34851027;1399.863637;1782.106129;3196.318277; 1.5 
05390;LA PINTADA;05;Antioquia;41.23828652;55.60822718;156.6669897;253.5135034; 0.1 
05400;LA UNION;05;Antioquia;132.244374;48.35996426;338.0413855;518.6457237; 0.2 
05411;LIBORINA;05;Antioquia;49.27613597;8.495088552;113.8659405;171.637165; 0.1 
05425;MACEO;05;Antioquia;67.38122063;8.427014439;110.1467863;185.9550214; 0.1 
05440;MARINILLA;05;Antioquia;452.8695024;722.7463379;981.2817604;2156.897601; 1.0 
05467;MONTEBELLO;05;Antioquia;38.57858827;6.59525408;91.05126846;136.2251108; 0.1 
05475;MURINDO;05;Antioquia;5.71071422;2.827278494;59.1764905;67.71448322; 0.0 
05480;MUTATA;05;Antioquia;190.5781707;17.22856756;183.2241762;391.0309145; 0.2 
05483;NARIÑO;05;Antioquia;46.9350673;8.109845517;107.8187275;162.8636403; 0.1 
05490;NECOCLI;05;Antioquia;396.0610293;46.43507053;552.831476;995.3275759; 0.5 
05495;NECHI;05;Antioquia;50.03867493;18.27549091;306.4254813;374.7396472; 0.2 
05501;OLAYA;05;Antioquia;19.47750168;3.179979138;43.58948589;66.24696671; 0.0 
05541;PEÑOL;05;Antioquia;470.6227269;37.15813059;280.685136;788.4659934; 0.4 
05543;PEQUE;05;Antioquia;20.27652341;5.545049007;83.19934813;109.0209206; 0.1 
05576;PUEBLORRICO;05;Antioquia;71.03585126;8.709832978;101.3679691;181.1136534; 0.1 
05579;PUERTO BERRIO;05;Antioquia;114.1219744;70.20894266;809.6814369;994.012354; 0.5 
05585;PUERTO NARE;05;Antioquia;177.2064275;61.61215276;453.0536298;691.8722101; 0.3 
05591;PUERTO TRIUNFO;05;Antioquia;35.20250908;35.80167816;251.522741;322.5269283; 0.2 
05604;REMEDIOS;05;Antioquia;927.9027862;23.94904777;383.1378069;1334.989641; 0.6 
05607;RETIRO;05;Antioquia;194.8445563;51.402515;600.5650156;846.8120869; 0.4 
05615;RIONEGRO;05;Antioquia;108.2680672;2545.889831;3100.693264;5754.851163; 2.7 
05628;SABANALARGA;05;Antioquia;25.06760601;6.424098227;95.78804582;127.2797501; 0.1 
05631;SABANETA;05;Antioquia;11.44817572;1371.069475;3084.913526;4467.431177; 2.1 
05642;SALGAR;05;Antioquia;207.7180295;21.55905813;229.4267946;458.7038823; 0.2 
05647;SAN ANDRES DE CUERQUIA;05;Antioquia;26.76532384;5.552695525;79.37866314;111.6966825; 0.1 
05649;SAN CARLOS;05;Antioquia;37.11348647;62.48390498;1347.109079;1446.70647; 0.7 
05652;SAN FRANCISCO;05;Antioquia;13.63151566;4.215759983;66.66740724;84.51468288; 0.0 
05656;SAN JERONIMO;05;Antioquia;38.81487109;16.409808;287.5946385;342.8193176; 0.2 
05658;SAN JOSE DE LA MONTAÑA;05;Antioquia;8.59033065;2.863228598;46.06613954;57.51969879; 0.0 
05659;SAN JUAN DE URABA;05;Antioquia;115.6042568;17.04314256;220.3195129;352.9669122; 0.2 
05660;SAN LUIS;05;Antioquia;16.31730642;9.380659456;160.8836334;186.5815992; 0.1 
05664;SAN PEDRO DE LOS MILAGROS;05;Antioquia;247.3652377;720.9058834;417.0725844;1385.343705; 0.7 
05665;SAN PEDRO DE URABA;05;Antioquia;205.7303457;27.1888312;328.5022004;561.4213772; 0.3 
05667;SAN RAFAEL;05;Antioquia;15.55797325;10.40326277;173.6867851;199.6480211; 0.1 
05670;SAN ROQUE;05;Antioquia;87.42953786;16.65811541;235.0616698;339.149323; 0.2 
05674;SAN VICENTE;05;Antioquia;278.245974;27.36594862;278.4698791;584.0818017; 0.3 
05679;SANTA BARBARA;05;Antioquia;199.2837151;26.74916104;326.233735;552.2666112; 0.3 
05686;SANTA ROSA DE OSOS;05;Antioquia;443.5247914;299.9730719;658.2936959;1401.791559; 0.7 
05690;SANTO DOMINGO;05;Antioquia;327.4688798;16.24682549;155.0097382;498.7254434; 0.2 
05697;EL SANTUARIO;05;Antioquia;340.0836852;52.64026085;431.9003496;824.6242956; 0.4 
05736;SEGOVIA;05;Antioquia;1275.626223;30.19978185;553.2276487;1859.053654; 0.9 
05756;SONSON;05;Antioquia;773.9821169;387.4570169;556.4777709;1717.916905; 0.8 
05761;SOPETRAN;05;Antioquia;38.22170424;14.12061509;238.1617617;290.504081; 0.1 
05789;TAMESIS;05;Antioquia;227.4436922;39.03559605;215.8587367;482.3380249; 0.2 
05790;TARAZA;05;Antioquia;87.26500677;22.12902195;378.9750359;488.3690646; 0.2 
05792;TARSO;05;Antioquia;81.35025031;8.325185485;89.64399374;179.3194295; 0.1 
05809;TITIRIBI;05;Antioquia;63.21915001;9.542234761;131.0997353;203.8611201; 0.1 
05819;TOLEDO;05;Antioquia;23.47954891;5.692763799;92.44655218;121.6188649; 0.1 
05837;TURBO;05;Antioquia;1432.36919;173.6167847;2142.831993;3748.817968; 1.8 
05842;URAMITA;05;Antioquia;99.27000312;8.334074807;71.73743157;179.3415095; 0.1 
05847;URRAO;05;Antioquia;704.3726328;54.31573221;363.8869816;1122.575347; 0.5 
05854;VALDIVIA;05;Antioquia;28.9207076;10.36444034;169.0416148;208.3267627; 0.1 
05856;VALPARAISO;05;Antioquia;233.9810416;14.85673864;94.68272199;343.5205023; 0.2 
05858;VEGACHI;05;Antioquia;214.5782421;9.470093471;153.5496339;377.5979694; 0.2 
05861;VENECIA;05;Antioquia;149.7190578;16.82876329;198.3029387;364.8507599; 0.2 
05873;VIGIA DEL FUERTE;05;Antioquia;31.59679347;5.605265333;97.04635223;134.248411; 0.1 
05885;YALI;05;Antioquia;23.78135545;5.747848459;87.03608206;116.565286; 0.1 
05887;YARUMAL;05;Antioquia;137.9376219;224.5615803;587.4491418;949.948344; 0.5 
05890;YOLOMBO;05;Antioquia;219.0580062;22.32222779;247.9565914;489.3368254; 0.2 
05893;YONDO;05;Antioquia;978.4249384;17.16500227;240.9600017;1236.549942; 0.6 
05895;ZARAGOZA;05;Antioquia;182.1121024;18.27418694;289.4232423;489.8095316; 0.2 
08001;BARRANQUILLA;08;Atlantico;6.29832752;8751.922522;31984.55737;40742.77822; 64.1 
08078;BARANOA;08;Atlantico;109.1574347;360.8189073;635.9674158;1105.943758; 1.7 
08137;CAMPO DE LA CRUZ;08;Atlantico;11.98364654;11.50394551;205.4876394;228.9752314; 0.4 
08141;CANDELARIA;08;Atlantico;13.85528814;8.620842559;151.7483532;174.2244839; 0.3 
08296;GALAPA;08;Atlantico;49.68290477;778.9075127;826.8840965;1655.474514; 2.6 
08372;JUAN DE ACOSTA;08;Atlantico;8.708215031;13.49549769;257.6799876;279.8837003; 0.4 
08421;LURUACO;08;Atlantico;52.54033814;21.97489201;258.2093962;332.7246264; 0.5 
08433;MALAMBO;08;Atlantico;99.92511795;1303.188295;1610.683616;3013.797029; 4.7 
08436;MANATI;08;Atlantico;18.11401205;11.39046002;206.0772338;235.5817059; 0.4 
08520;PALMAR DE VARELA;08;Atlantico;30.5600323;309.8081128;255.9421693;596.3103144; 0.9 
08549;PIOJO;08;Atlantico;15.33304914;4.135826804;65.92201653;85.39089247; 0.1 
08558;POLONUEVO;08;Atlantico;111.6470622;13.59630567;166.990419;292.2337869; 0.5 
08560;PONEDERA;08;Atlantico;41.13492273;13.80014196;228.0621772;282.9972418; 0.4 
08573;PUERTO COLOMBIA;08;Atlantico;8.910686927;71.71875018;856.2228846;936.8523217; 1.5 
08606;REPELON;08;Atlantico;64.36116345;16.40962612;261.8182792;342.5890688; 0.5 
08634;SABANAGRANDE;08;Atlantico;63.97407012;53.9891649;346.1947264;464.1579614; 0.7 
08638;SABANALARGA;08;Atlantico;297.9398077;53.54198192;936.3851944;1287.866984; 2.0 
08675;SANTA LUCIA;08;Atlantico;9.340159552;7.963157748;140.0831974;157.3865147; 0.2 
08685;SANTO TOMAS;08;Atlantico;56.97829608;19.56206137;330.2603754;406.8007328; 0.6 
08758;SOLEDAD;08;Atlantico;4.892120618;1549.270796;8924.280674;10478.44359; 16.5 
08770;SUAN;08;Atlantico;6.65905788;6.326043447;114.2014824;127.1865837; 0.2 
08832;TUBARA;08;Atlantico;10.79241024;12.01592187;195.1109956;217.9193278; 0.3 
08849;USIACURI;08;Atlantico;25.33282523;6.689119196;101.154049;133.1759935; 0.2 
11001;BOGOTA;11;Bogota, D. C.;561.4786207;42424.93887;304992.5333;347978.9508; 100.0 
13001;CARTAGENA;13;Bolivar;58.45820116;12273.02681;20742.52246;33074.00747; 65.3 
13006;ACHI;13;Bolivar;168.0949323;36.18809432;215.4632063;419.746233; 0.8 
13030;ALTOS DEL ROSARIO;13;Bolivar;32.86270635;11.00495531;83.41950411;127.2871658; 0.3 
13042;ARENAL;13;Bolivar;42.34818668;9.186471546;67.4976918;119.03235; 0.2 
13052;ARJONA;13;Bolivar;166.4779158;83.81192388;689.491497;939.7813367; 1.9 
13062;ARROYOHONDO;13;Bolivar;25.59837995;9.092930686;69.74943758;104.4407482; 0.2 
13074;BARRANCO DE LOBA;13;Bolivar;48.96523811;16.86467896;126.3076862;192.1376032; 0.4 
13140;CALAMAR;13;Bolivar;32.8303369;25.42185415;226.4032405;284.6554315; 0.6 
13160;CANTAGALLO;13;Bolivar;824.052661;18.96501291;158.3826662;1001.40034; 2.0 
13188;CICUCO;13;Bolivar;36.96853218;14.86657603;140.2169844;192.0520927; 0.4 
13212;CORDOBA;13;Bolivar;136.7332428;16.68394835;133.116705;286.5338961; 0.6 
13222;CLEMENCIA;13;Bolivar;124.1472492;50.23778548;149.1149541;323.4999887; 0.6 
13244;EL CARMEN DE BOLIVAR;13;Bolivar;220.5146359;84.00936855;624.6083713;929.1323757; 1.8 
13248;EL GUAMO;13;Bolivar;34.55106643;11.3820686;81.82956925;127.7627043; 0.3 
13268;EL PEÑON;13;Bolivar;58.73326706;11.65618713;61.19172551;131.5811797; 0.3 
13300;HATILLO DE LOBA;13;Bolivar;55.57775683;14.19591273;110.0648999;179.8385694; 0.4 
13430;MAGANGUE;13;Bolivar;183.0449309;203.8582238;1907.846474;2294.749628; 4.5 
13433;MAHATES;13;Bolivar;191.2242279;42.04234529;240.4299664;473.6965396; 0.9 
13440;MARGARITA;13;Bolivar;59.02799421;12.45848179;74.41956919;145.9060452; 0.3 
13442;MARIA LA BAJA;13;Bolivar;139.484979;51.95645026;390.675183;582.1166122; 1.2 
13458;MONTECRISTO;13;Bolivar;189.2441612;16.92573988;125.3494213;331.5193224; 0.7 
13468;MOMPOS;13;Bolivar;76.63333533;51.88296113;453.0849909;581.6012874; 1.1 
13473;MORALES;13;Bolivar;105.9296532;28.8643829;191.9464762;326.7405123; 0.6 
13490;NOROSI;13;Bolivar;101.5926468;8.415736504;67.29534119;177.3037245; 0.4 
13549;PINILLOS;13;Bolivar;62.48410383;23.57580433;177.1655643;263.2254724; 0.5 
13580;REGIDOR;13;Bolivar;81.16675338;13.31619785;57.7974593;152.2804105; 0.3 
13600;RIO VIEJO;13;Bolivar;88.11579385;18.00717725;102.2488502;208.3718213; 0.4 
13620;SAN CRISTOBAL;13;Bolivar;8.679294657;6.94408857;64.13591891;79.75930213; 0.2 
13647;SAN ESTANISLAO;13;Bolivar;70.45829643;23.7387666;172.3951765;266.5922396; 0.5 
13650;SAN FERNANDO;13;Bolivar;30.45125661;11.91085381;90.4306719;132.7927823; 0.3 
13654;SAN JACINTO;13;Bolivar;115.4083036;34.84414671;242.0637495;392.3161998; 0.8 
13655;SAN JACINTO DEL CAUCA;13;Bolivar;42.9342268;11.58151037;82.50125416;137.0169913; 0.3 
13657;SAN JUAN NEPOMUCENO;13;Bolivar;143.2675826;48.89809121;356.9135373;549.0792111; 1.1 
13667;SAN MARTIN DE LOBA;13;Bolivar;181.9602073;15.62198505;114.7701765;312.3523689; 0.6 
13670;SAN PABLO;13;Bolivar;102.668123;65.55505765;326.0179751;494.2411557; 1.0 
13673;SANTA CATALINA;13;Bolivar;50.29226153;19.21424272;146.4025933;215.9090975; 0.4 
13683;SANTA ROSA;13;Bolivar;44.42336513;23.7534114;197.8324438;266.0092203; 0.5 
13688;SANTA ROSA DEL SUR;13;Bolivar;127.5189157;48.97464466;376.7965565;553.2901168; 1.1 
13744;SIMITI;13;Bolivar;95.42700793;28.06351911;193.7572177;317.2477447; 0.6 
13760;SOPLAVIENTO;13;Bolivar;6.248589881;9.472900105;89.48247271;105.2039627; 0.2 
13780;TALAIGUA NUEVO;13;Bolivar;35.48242118;15.01356089;133.5650125;184.0609945; 0.4 
13810;TIQUISIO;13;Bolivar;35.47933174;17.91545187;147.1785938;200.5733774; 0.4 
13836;TURBACO;13;Bolivar;53.82105234;600.7620739;1052.045208;1706.628334; 3.4 
13838;TURBANA;13;Bolivar;57.87886876;20.38203581;148.5681949;226.8290994; 0.4 
13873;VILLANUEVA;13;Bolivar;80.01565766;28.36940515;209.8566618;318.2417246; 0.6 
13894;ZAMBRANO;13;Bolivar;45.61944451;16.67531881;125.4001785;187.6949419; 0.4 
15001;TUNJA;15;Boyaca;161.0020213;464.1905338;4538.517734;5163.710289; 13.2 
15022;ALMEIDA;15;Boyaca;10.52274693;2.665852096;18.48315264;31.67175166; 0.1 
15047;AQUITANIA;15;Boyaca;327.8808629;46.99222631;207.2016747;582.0747639; 1.5 
15051;ARCABUCO;15;Boyaca;99.4111593;15.98493845;81.79303668;197.1891344; 0.5 
15087;BELEN;15;Boyaca;33.95596473;12.74441801;96.72131041;143.4216932; 0.4 
15090;BERBEO;15;Boyaca;17.37919452;3.110337005;19.10833275;39.59786428; 0.1 
15092;BETEITIVA;15;Boyaca;19.80939884;2.58098523;20.00273818;42.39312225; 0.1 
15097;BOAVITA;15;Boyaca;60.51887088;8.812122951;57.56602892;126.8970227; 0.3 
15104;BOYACA;15;Boyaca;43.00570063;51.87477388;98.05890149;192.939376; 0.5 
15106;BRICEÑO;15;Boyaca;77.9157947;9.269551705;28.49199806;115.6773445; 0.3 
15109;BUENAVISTA;15;Boyaca;75.20491078;10.72980852;45.79105096;131.7257703; 0.3 
15114;BUSBANZA;15;Boyaca;1.962746808;1.556252106;15.07259858;18.5915975; 0.0 
15131;CALDAS;15;Boyaca;26.77503011;5.377689999;32.8397429;64.99246301; 0.2 
15135;CAMPOHERMOSO;15;Boyaca;20.25466511;4.936104876;34.38814103;59.57891102; 0.2 
15162;CERINZA;15;Boyaca;9.544743468;4.672040603;41.02269705;55.23948112; 0.1 
15172;CHINAVITA;15;Boyaca;13.71571319;4.754214196;38.36998883;56.83991622; 0.1 
15176;CHIQUINQUIRA;15;Boyaca;64.99259685;109.2483502;1154.799483;1329.04043; 3.4 
15180;CHISCAS;15;Boyaca;38.13489311;5.098003992;39.09344481;82.32634191; 0.2 
15183;CHITA;15;Boyaca;17.26356421;8.376649036;75.94184133;101.5820546; 0.3 
15185;CHITARAQUE;15;Boyaca;73.3615261;31.01490396;62.34826475;166.7246948; 0.4 
15187;CHIVATA;15;Boyaca;23.33125846;3.845934585;34.55886476;61.7360578; 0.2 
15189;CIENEGA;15;Boyaca;39.7777833;15.70062135;55.40463546;110.8830401; 0.3 
15204;COMBITA;15;Boyaca;57.33637066;19.43942204;155.3266535;232.1024462; 0.6 
15212;COPER;15;Boyaca;97.62537344;11.83508166;37.28758836;146.7480435; 0.4 
15215;CORRALES;15;Boyaca;62.25262068;4.824806429;37.64154998;104.7189771; 0.3 
15218;COVARACHIA;15;Boyaca;43.924487;6.292664386;29.89509043;80.11224182; 0.2 
15223;CUBARA;15;Boyaca;118.2831813;10.16741673;101.0331018;229.4836999; 0.6 
15224;CUCAITA;15;Boyaca;22.69346243;6.550536093;50.17626643;79.42026495; 0.2 
15226;CUITIVA;15;Boyaca;15.19420987;3.177362658;20.19778038;38.56935291; 0.1 
15232;CHIQUIZA;15;Boyaca;45.30431172;8.531082373;49.82010985;103.6555039; 0.3 
15236;CHIVOR;15;Boyaca;3.758700517;3.208122064;31.11545642;38.082279; 0.1 
15238;DUITAMA;15;Boyaca;50.24487891;585.0397563;2542.915536;3178.200172; 8.1 
15244;EL COCUY;15;Boyaca;12.41668085;6.341353527;57.59886958;76.35690395; 0.2 
15248;EL ESPINO;15;Boyaca;7.947424097;3.703893099;33.37597314;45.02729034; 0.1 
15272;FIRAVITOBA;15;Boyaca;24.27757625;31.25606392;71.91829071;127.4519309; 0.3 
15276;FLORESTA;15;Boyaca;5.582879267;3.998641378;37.62605545;47.20757609; 0.1 
15293;GACHANTIVA;15;Boyaca;29.09604853;5.731656917;35.15202317;69.97972862; 0.2 
15296;GAMEZA;15;Boyaca;27.1010856;5.816915535;48.41402617;81.3320273; 0.2 
15299;GARAGOA;15;Boyaca;35.21244548;23.91211792;224.85279;283.9773534; 0.7 
15317;GUACAMAYAS;15;Boyaca;7.061842598;2.463169578;19.83895601;29.36396818; 0.1 
15322;GUATEQUE;15;Boyaca;55.40338875;19.05870526;155.7674611;230.2295551; 0.6 
15325;GUAYATA;15;Boyaca;41.39989281;7.397865666;41.91950319;90.71726166; 0.2 
15332;GÜICAN;15;Boyaca;8.224831166;7.105374688;49.79866568;65.12887154; 0.2 
15362;IZA;15;Boyaca;8.579030216;3.060881483;30.89824577;42.53815747; 0.1 
15367;JENESANO;15;Boyaca;95.57561364;17.6820389;104.0230765;217.280729; 0.6 
15368;JERICO;15;Boyaca;38.24637919;5.708434481;47.34613911;91.30095278; 0.2 
15377;LABRANZAGRANDE;15;Boyaca;17.77792547;5.00974804;37.01814147;59.80581498; 0.2 
15380;LA CAPILLA;15;Boyaca;44.94878791;6.740896066;31.08903851;82.7787225; 0.2 
15401;LA VICTORIA;15;Boyaca;6.44595759;1.800464861;13.38181769;21.62824014; 0.1 
15403;LA UVITA;15;Boyaca;34.18359374;4.43169518;39.2279309;77.84321982; 0.2 
15425;MACANAL;15;Boyaca;19.1059339;6.90714259;56.24267304;82.25574953; 0.2 
15442;MARIPI;15;Boyaca;52.8655689;11.32378063;73.75760768;137.9469572; 0.4 
15455;MIRAFLORES;15;Boyaca;75.98361631;18.12959725;126.6703859;220.7835995; 0.6 
15464;MONGUA;15;Boyaca;66.47736893;5.401800812;45.95369611;117.8328658; 0.3 
15466;MONGUI;15;Boyaca;14.23585535;4.93805421;46.42460789;65.59851745; 0.2 
15469;MONIQUIRA;15;Boyaca;142.9667832;47.00216216;311.8296879;501.7986333; 1.3 
15476;MOTAVITA;15;Boyaca;57.07711831;9.491509089;62.57616953;129.1447969; 0.3 
15480;MUZO;15;Boyaca;21.18294053;12.87739716;120.5681808;154.6285185; 0.4 
15491;NOBSA;15;Boyaca;45.27709359;1625.040754;511.3471255;2181.664973; 5.6 
15494;NUEVO COLON;15;Boyaca;102.0965902;14.44948884;61.80298441;178.3490635; 0.5 
15500;OICATA;15;Boyaca;16.87850819;5.98971853;33.73928189;56.60750861; 0.1 
15507;OTANCHE;15;Boyaca;28.83536429;10.92057483;90.75538954;130.5113287; 0.3 
15511;PACHAVITA;15;Boyaca;48.96803791;7.013942304;30.44608437;86.42806458; 0.2 
15514;PAEZ;15;Boyaca;22.41711548;5.824086751;42.37940328;70.62060551; 0.2 
15516;PAIPA;15;Boyaca;135.354776;86.44379175;833.8679884;1055.666556; 2.7 
15518;PAJARITO;15;Boyaca;13.99465602;4.002320087;30.4017026;48.39867871; 0.1 
15522;PANQUEBA;15;Boyaca;14.47814421;3.111878633;20.19262185;37.7826447; 0.1 
15531;PAUNA;15;Boyaca;157.8061556;20.67766251;76.74374081;255.2275589; 0.7 
15533;PAYA;15;Boyaca;7.509751447;2.956775062;24.56354617;35.03007267; 0.1 
15537;PAZ DE RIO;15;Boyaca;33.55162724;6.136212516;63.00152374;102.6893635; 0.3 
15542;PESCA;15;Boyaca;34.0906659;9.898194814;75.03196677;119.0208275; 0.3 
15550;PISBA;15;Boyaca;5.244396443;2.116052012;17.80462989;25.16507834; 0.1 
15572;PUERTO BOYACA;15;Boyaca;2165.431415;89.35549389;829.7931581;3084.580067; 7.9 
15580;QUIPAMA;15;Boyaca;43.60724051;9.630518831;63.85095027;117.0887096; 0.3 
15599;RAMIRIQUI;15;Boyaca;68.10872761;16.57491741;115.5791686;200.2628136; 0.5 
15600;RAQUIRA;15;Boyaca;144.4173507;15.15077547;94.70891313;254.2770392; 0.7 
15621;RONDON;15;Boyaca;17.18146013;3.838493329;25.24887363;46.26882708; 0.1 
15632;SABOYA;15;Boyaca;186.7175994;26.26636877;119.3639152;332.3478834; 0.9 
15638;SACHICA;15;Boyaca;113.5484032;15.07115033;57.46352487;186.0830784; 0.5 
15646;SAMACA;15;Boyaca;277.5913568;38.02539703;268.7073838;584.3241376; 1.5 
15660;SAN EDUARDO;15;Boyaca;15.55501876;3.0665861;18.5226838;37.14428866; 0.1 
15664;SAN JOSE DE PARE;15;Boyaca;74.3645513;12.18990129;63.07196885;149.6264214; 0.4 
15667;SAN LUIS DE GACENO;15;Boyaca;25.75284463;8.443295175;67.25780242;101.4539422; 0.3 
15673;SAN MATEO;15;Boyaca;42.43708454;5.813868146;37.90067405;86.15162674; 0.2 
15676;SAN MIGUEL DE SEMA;15;Boyaca;15.65493574;5.344728069;43.87280639;64.8724702; 0.2 
15681;SAN PABLO DE BORBUR;15;Boyaca;23.13874896;9.503227669;81.24739609;113.8893727; 0.3 
15686;SANTANA;15;Boyaca;59.92669131;13.68835167;92.73582829;166.3508713; 0.4 
15690;SANTA MARIA;15;Boyaca;13.41728823;102.5077191;1185.224177;1301.149184; 3.3 
15693;SANTA ROSA DE VITERBO;15;Boyaca;16.5317993;14.88302609;142.8419703;174.2567956; 0.4 
15696;SANTA SOFIA;15;Boyaca;34.0691409;6.78459522;42.07857206;82.93230818; 0.2 
15720;SATIVANORTE;15;Boyaca;15.01392066;2.958801197;25.55621124;43.5289331; 0.1 
15723;SATIVASUR;15;Boyaca;30.00229057;1.661264804;16.51671959;48.18027497; 0.1 
15740;SIACHOQUE;15;Boyaca;140.4460472;18.4564072;69.32912361;228.231578; 0.6 
15753;SOATA;15;Boyaca;24.02986393;12.70645904;114.9410233;151.6773462; 0.4 
15755;SOCOTA;15;Boyaca;165.2412496;10.39631816;96.33314317;271.970711; 0.7 
15757;SOCHA;15;Boyaca;84.50216041;10.74026252;111.8827875;207.1252104; 0.5 
15759;SOGAMOSO;15;Boyaca;64.03354088;1313.60673;2746.079408;4123.719679; 10.6 
15761;SOMONDOCO;15;Boyaca;35.7738018;6.434911764;36.25837365;78.46708721; 0.2 
15762;SORA;15;Boyaca;10.38872485;3.489733587;27.36591562;41.24437406; 0.1 
15763;SOTAQUIRA;15;Boyaca;46.99315707;19.16607195;95.74735716;161.9065862; 0.4 
15764;SORACA;15;Boyaca;47.88272329;11.33672401;78.00443963;137.2238869; 0.4 
15774;SUSACON;15;Boyaca;15.24821011;4.261195349;31.71092224;51.2203277; 0.1 
15776;SUTAMARCHAN;15;Boyaca;102.2563382;15.78066883;76.10801776;194.1450248; 0.5 
15778;SUTATENZA;15;Boyaca;40.3433066;7.55851799;43.4433025;91.34512709; 0.2 
15790;TASCO;15;Boyaca;71.01936624;7.059031157;68.98236455;147.0607619; 0.4 
15798;TENZA;15;Boyaca;45.03100088;8.270069537;47.49886759;100.799938; 0.3 
15804;TIBANA;15;Boyaca;408.3000565;43.76618686;95.19785971;547.264103; 1.4 
15806;TIBASOSA;15;Boyaca;60.34849912;876.8087881;204.6785955;1141.835883; 2.9 
15808;TINJACA;15;Boyaca;17.29264924;4.853943135;36.01278272;58.1593751; 0.1 
15810;TIPACOQUE;15;Boyaca;6.488110166;4.036203808;37.23126446;47.75557843; 0.1 
15814;TOCA;15;Boyaca;60.71863414;15.09667968;107.3004653;183.1157791; 0.5 
15816;TOGÜI;15;Boyaca;51.25191894;9.037569285;50.26952664;110.5590149; 0.3 
15820;TOPAGA;15;Boyaca;63.83788292;4.590555552;42.12472822;110.5531667; 0.3 
15822;TOTA;15;Boyaca;20.09853299;6.422036982;49.93690726;76.45747724; 0.2 
15832;TUNUNGUA;15;Boyaca;96.12723887;9.9156918;18.55115429;124.594085; 0.3 
15835;TURMEQUE;15;Boyaca;103.4878297;15.44399298;70.93234863;189.8641713; 0.5 
15837;TUTA;15;Boyaca;64.67816438;824.9968184;244.8646663;1134.539649; 2.9 
15839;TUTAZA;15;Boyaca;25.74238287;4.224083991;21.6371862;51.60365306; 0.1 
15842;UMBITA;15;Boyaca;70.70527147;12.50177353;76.94011122;160.1471562; 0.4 
15861;VENTAQUEMADA;15;Boyaca;121.5480295;28.64874988;197.809292;348.0060713; 0.9 
15407;VILLA DE LEYVA;15;Boyaca;459.9480186;65.07654153;285.1592629;810.183823; 2.1 
15879;VIRACACHA;15;Boyaca;25.0576766;5.06141988;31.20570772;61.32480419; 0.2 
15897;ZETAQUIRA;15;Boyaca;34.56315598;7.725327322;50.98817668;93.27665999; 0.2 
17001;MANIZALES;17;Caldas;294.4183638;2442.88298;8188.805942;10926.10729; 45.3 
17013;AGUADAS;17;Caldas;550.4135676;77.5900378;222.1487207;850.1523261; 3.5 
17042;ANSERMA;17;Caldas;247.6845584;38.57302676;375.7636754;662.0212606; 2.7 
17050;ARANZAZU;17;Caldas;150.1865834;16.84261269;138.528861;305.5580571; 1.3 
17088;BELALCAZAR;17;Caldas;154.1289499;15.93265236;118.3869758;288.4485781; 1.2 
17174;CHINCHINA;17;Caldas;297.5831051;737.8232558;1009.572391;2044.978752; 8.5 
17272;FILADELFIA;17;Caldas;49.45671717;10.31928838;116.8344529;176.6104585; 0.7 
17380;LA DORADA;17;Caldas;53.85485407;122.3359057;1698.213938;1874.404697; 7.8 
17388;LA MERCED;17;Caldas;23.4577117;5.572167111;66.23180795;95.26168676; 0.4 
17433;MANZANARES;17;Caldas;172.3202147;22.58888041;195.6153719;390.524467; 1.6 
17442;MARMATO;17;Caldas;427.8680893;7.148225014;105.7112277;540.727542; 2.2 
17444;MARQUETALIA;17;Caldas;59.10120822;12.06119361;136.4613826;207.6237844; 0.9 
17446;MARULANDA;17;Caldas;14.22708861;3.012976013;35.9278341;53.16789872; 0.2 
17486;NEIRA;17;Caldas;308.7089098;32.04768713;238.2235271;578.980124; 2.4 
17495;NORCASIA;17;Caldas;36.29152219;6.871351556;78.60994914;121.7728229; 0.5 
17513;PACORA;17;Caldas;299.2310059;26.89086291;163.247738;489.3696068; 2.0 
17524;PALESTINA;17;Caldas;169.999321;26.93521706;320.3291427;517.2636808; 2.1 
17541;PENSILVANIA;17;Caldas;72.83672658;22.27182435;206.2460882;301.3546391; 1.2 
17614;RIOSUCIO;17;Caldas;90.66734549;71.32932442;514.5579875;676.5546574; 2.8 
17616;RISARALDA;17;Caldas;270.8758022;22.68378221;124.0073916;417.566976; 1.7 
17653;SALAMINA;17;Caldas;132.468986;50.34318473;211.7105121;394.5226829; 1.6 
17662;SAMANA;17;Caldas;74.46770035;17.42891607;205.3947354;297.2913518; 1.2 
17665;SAN JOSE;17;Caldas;87.87145287;8.745954159;63.45250051;160.0699075; 0.7 
17777;SUPIA;17;Caldas;103.2624947;29.96841809;331.9488198;465.1797326; 1.9 
17867;VICTORIA;17;Caldas;67.78657043;10.40218634;103.5591001;181.7478568; 0.8 
17873;VILLAMARIA;17;Caldas;103.5661853;54.97231486;668.9420254;827.4805256; 3.4 
17877;VITERBO;17;Caldas;112.8987059;15.6147417;147.4076837;275.9211313; 1.1 
18001;FLORENCIA;18;Caqueta;59.95299946;228.407681;2445.190491;2733.551171; 46.5 
18029;ALBANIA;18;Caqueta;19.74840172;4.039132828;42.76902719;66.55656175; 1.1 
18094;BELEN DE LOS ANDAQUIES;18;Caqueta;30.46769617;6.819177434;73.32510512;110.6119787; 1.9 
18150;CARTAGENA DEL CHAIRA;18;Caqueta;241.1051265;25.50770624;153.855826;420.4686588; 7.2 
18205;CURILLO;18;Caqueta;16.75558651;6.276279922;80.321731;103.3535974; 1.8 
18247;EL DONCELLO;18;Caqueta;39.72946613;12.94327466;157.8415976;210.5143384; 3.6 
18256;EL PAUJIL;18;Caqueta;43.48504162;10.14082395;109.7814831;163.4073487; 2.8 
18410;LA MONTAÑITA;18;Caqueta;33.10188664;8.173330894;90.61596864;131.8911862; 2.2 
18460;MILAN;18;Caqueta;52.70688032;7.452806852;62.49932059;122.6590078; 2.1 
18479;MORELIA;18;Caqueta;9.855691108;3.054962693;37.27756325;50.18821705; 0.9 
18592;PUERTO RICO;18;Caqueta;104.3723006;120.9868974;201.4568684;426.8160664; 7.3 
18610;SAN JOSE DEL FRAGUA;18;Caqueta;74.76166322;10.30522405;84.2987367;169.365624; 2.9 
18753;SAN VICENTE DEL CAGUAN;18;Caqueta;384.1450003;51.72627131;422.1302416;858.0015132; 14.6 
18756;SOLANO;18;Caqueta;48.76449399;6.35054893;71.46439018;126.5794331; 2.2 
18785;SOLITA;18;Caqueta;24.59761511;4.893420204;50.96360844;80.45464375; 1.4 
18860;VALPARAISO;18;Caqueta;28.97148358;5.946453039;62.99308338;97.91102; 1.7 
19001;POPAYAN;19;Cauca;89.4194937;846.611338;5928.738973;6864.769805; 26.7 
19022;ALMAGUER;19;Cauca;70.1056278;16.36425194;109.8480497;196.3179295; 0.8 
19050;ARGELIA;19;Cauca;40.241198;13.49522583;137.0141882;190.750612; 0.7 
19075;BALBOA;19;Cauca;110.6452925;25.413659;183.5469893;319.6059408; 1.2 
19100;BOLIVAR;19;Cauca;113.7702517;31.25941129;224.7464177;369.7760807; 1.4 
19110;BUENOS AIRES;19;Cauca;215.7802629;33.62558224;277.7453199;527.1511651; 2.0 
19130;CAJIBIO;19;Cauca;138.4064379;34.10197846;223.3074273;395.8158436; 1.5 
19137;CALDONO;19;Cauca;140.0092694;31.83125544;210.7485007;382.5890255; 1.5 
19142;CALOTO;19;Cauca;405.0397604;1734.572076;317.7279042;2457.339741; 9.5 
19212;CORINTO;19;Cauca;114.4653311;36.40082759;207.767871;358.6340296; 1.4 
19256;EL TAMBO;19;Cauca;563.4183632;72.38174798;292.4991004;928.2992116; 3.6 
19290;FLORENCIA;19;Cauca;27.51948267;5.763859627;38.34627725;71.62961955; 0.3 
19300;GUACHENE;19;Cauca;177.2818205;231.7870347;175.1135604;584.1824155; 2.3 
19318;GUAPI;19;Cauca;73.13214765;24.14464161;214.5026273;311.7794165; 1.2 
19355;INZA;19;Cauca;135.6517905;25.73260606;153.3611967;314.7455932; 1.2 
19364;JAMBALO;19;Cauca;30.16517583;13.0253104;110.5068718;153.6973581; 0.6 
19392;LA SIERRA;19;Cauca;131.7957439;14.19780637;68.52430011;214.5178504; 0.8 
19397;LA VEGA;19;Cauca;46.94044093;16.27996949;120.3123919;183.5328023; 0.7 
19418;LOPEZ;19;Cauca;21.55952199;9.106758429;98.05477735;128.7210578; 0.5 
19450;MERCADERES;19;Cauca;137.5382106;25.7845291;155.9954033;319.3181431; 1.2 
19455;MIRANDA;19;Cauca;160.6586477;585.1996056;358.8491377;1104.707391; 4.3 
19473;MORALES;19;Cauca;206.3620928;38.51327859;231.3735178;476.2488892; 1.9 
19513;PADILLA;19;Cauca;74.04998996;13.99832499;90.98923387;179.0375488; 0.7 
19517;PAEZ;19;Cauca;196.3020437;40.1193273;257.8179601;494.2393311; 1.9 
19532;PATIA;19;Cauca;151.396912;37.38470164;270.3349719;459.1165855; 1.8 
19533;PIAMONTE;19;Cauca;67.15936307;7.674671649;71.64645506;146.4804898; 0.6 
19548;PIENDAMO;19;Cauca;188.3024251;46.84217572;350.2228222;585.3674231; 2.3 
19573;PUERTO TEJADA;19;Cauca;79.73244693;462.3980544;496.5613084;1038.69181; 4.0 
19585;PURACE;19;Cauca;40.47478327;14.03049784;112.5292189;167.0345; 0.6 
19622;ROSAS;19;Cauca;40.27627571;11.03587052;82.65003601;133.9621823; 0.5 
19693;SAN SEBASTIAN;19;Cauca;52.46537843;10.34428399;61.9483126;124.757975; 0.5 
19698;SANTANDER DE QUILICHAO;19;Cauca;499.8865955;1141.403351;1152.102624;2793.39257; 10.9 
19701;SANTA ROSA;19;Cauca;15.14423683;3.871398893;35.70532393;54.72095965; 0.2 
19743;SILVIA;19;Cauca;21.35114202;26.41362947;259.3570729;307.1218444; 1.2 
19760;SOTARA;19;Cauca;57.34615406;10.11182442;75.46935897;142.9273375; 0.6 
19780;SUAREZ;19;Cauca;106.1574716;34.39293078;302.8656396;443.4160419; 1.7 
19785;SUCRE;19;Cauca;37.57225852;8.465555837;55.48794854;101.5257629; 0.4 
19807;TIMBIO;19;Cauca;168.1545655;36.95872255;248.8851606;453.9984487; 1.8 
19809;TIMBIQUI;19;Cauca;6.191841269;11.00006411;139.6471311;156.8390365; 0.6 
19821;TORIBIO;19;Cauca;50.59600226;24.93083889;215.6917815;291.2186226; 1.1 
19824;TOTORO;19;Cauca;62.99206086;17.71660496;127.0745637;207.7832295; 0.8 
19845;VILLA RICA;19;Cauca;86.66553762;298.9016848;210.8324891;596.3997116; 2.3 
20001;VALLEDUPAR;20;Cesar;273.4601013;751.5845176;6786.100428;7811.145047; 23.2 
20011;AGUACHICA;20;Cesar;155.7824071;381.1105794;955.2245812;1492.117568; 4.4 
20013;AGUSTIN CODAZZI;20;Cesar;585.1612109;91.62703598;522.5839007;1199.372148; 3.6 
20032;ASTREA;20;Cesar;75.92018738;17.33825085;136.8495789;230.1080172; 0.7 
20045;BECERRIL;20;Cesar;9098.249875;25.05711725;182.9302216;9306.237214; 27.6 
20060;BOSCONIA;20;Cesar;67.92735371;32.85715271;325.8312449;426.6157513; 1.3 
20175;CHIMICHAGUA;20;Cesar;190.9322831;33.25004929;213.6113639;437.7936963; 1.3 
20178;CHIRIGUANA;20;Cesar;107.5060084;28.89440474;245.0741964;381.4746095; 1.1 
20228;CURUMANI;20;Cesar;105.1367481;32.84229688;290.3075347;428.2865797; 1.3 
20238;EL COPEY;20;Cesar;216.6350995;147.8163886;250.0435181;614.4950062; 1.8 
20250;EL PASO;20;Cesar;1298.551796;31.46941304;331.4875164;1661.508726; 4.9 
20295;GAMARRA;20;Cesar;51.70541866;14.87785071;131.4090566;197.9923259; 0.6 
20310;GONZALEZ;20;Cesar;16.81915246;3.78673562;28.58575206;49.19164014; 0.1 
20383;LA GLORIA;20;Cesar;173.2848045;158.2833909;160.520068;492.0882634; 1.5 
20400;LA JAGUA DE IBIRICO;20;Cesar;3752.51715;109.1674008;351.946781;4213.631332; 12.5 
20443;MANAURE BALCON DEL CESAR;20;Cesar;37.2332026;8.010765223;58.1234923;103.3674601; 0.3 
20517;PAILITAS;20;Cesar;61.47261519;18.60308439;164.3962018;244.4719013; 0.7 
20550;PELAYA;20;Cesar;172.2480932;27.39340016;166.4913931;366.1328865; 1.1 
20570;PUEBLO BELLO;20;Cesar;150.2958308;26.03113407;168.86114;345.1881049; 1.0 
20614;RIO DE ORO;20;Cesar;194.8578093;22.87456113;121.9620864;339.6944568; 1.0 
20621;LA PAZ;20;Cesar;303.7935394;61.29340597;199.428845;564.5157904; 1.7 
20710;SAN ALBERTO;20;Cesar;182.6805336;236.5158555;290.4689481;709.6653371; 2.1 
20750;SAN DIEGO;20;Cesar;82.27368452;19.14916725;150.580274;252.0031258; 0.7 
20770;SAN MARTIN;20;Cesar;1372.063168;32.69830378;245.7755594;1650.537031; 4.9 
20787;TAMALAMEQUE;20;Cesar;79.45023779;14.66470498;98.58004584;192.6949886; 0.6 
23001;MONTERIA;23;Cordoba;440.3234788;487.2720897;6607.165737;7534.761306; 28.5 
23068;AYAPEL;23;Cordoba;455.341182;27.73707081;275.6283114;758.7065642; 2.9 
23079;BUENAVISTA;23;Cordoba;133.1535734;15.01580451;132.3582837;280.5276617; 1.1 
23090;CANALETE;23;Cordoba;217.0907271;18.55922367;121.7395696;357.3895204; 1.4 
23162;CERETE;23;Cordoba;141.1954299;114.3988628;996.5280977;1252.12239; 4.7 
23168;CHIMA;23;Cordoba;52.97520586;8.375334916;88.01534388;149.3658847; 0.6 
23182;CHINU;23;Cordoba;141.6593845;25.22596089;288.4729944;455.3583398; 1.7 
23189;CIENAGA DE ORO;23;Cordoba;239.0760125;789.5654749;374.3909186;1403.032406; 5.3 
23300;COTORRA;23;Cordoba;59.15827591;10.41216369;119.2594212;188.8298608; 0.7 
23350;LA APARTADA;23;Cordoba;14.34175252;7.764814553;119.2471727;141.3537398; 0.5 
23417;LORICA;23;Cordoba;282.1655271;91.77613488;1353.767895;1727.709557; 6.5 
23419;LOS CORDOBAS;23;Cordoba;107.2898268;12.77392424;117.6485313;237.7122823; 0.9 
23464;MOMIL;23;Cordoba;33.93066283;8.998271745;117.3043343;160.2332689; 0.6 
23466;MONTELIBANO;23;Cordoba;357.049196;2174.709585;819.6784833;3351.437264; 12.7 
23500;MOÑITOS;23;Cordoba;38.11514009;13.25309966;185.1541438;236.5223835; 0.9 
23555;PLANETA RICA;23;Cordoba;209.8330003;93.41611768;497.4876123;800.7367302; 3.0 
23570;PUEBLO NUEVO;23;Cordoba;104.2056612;19.76922865;247.2528218;371.2277117; 1.4 
23574;PUERTO ESCONDIDO;23;Cordoba;108.1387458;14.7534729;149.5158713;272.40809; 1.0 
23580;PUERTO LIBERTADOR;23;Cordoba;366.3286446;22.63913908;324.3460699;713.3138536; 2.7 
23586;PURISIMA;23;Cordoba;20.90271138;7.979279086;113.6713943;142.5533848; 0.5 
23660;SAHAGUN;23;Cordoba;199.7274334;129.6324866;1116.277661;1445.637581; 5.5 
23670;SAN ANDRES SOTAVENTO;23;Cordoba;45.65771895;18.10995524;254.3155477;318.0832219; 1.2 
23672;SAN ANTERO;23;Cordoba;53.52549713;15.56789354;209.6865235;278.7799142; 1.1 
23675;SAN BERNARDO DEL VIENTO;23;Cordoba;55.05460625;15.40331036;201.3706658;271.8285824; 1.0 
23678;SAN CARLOS;23;Cordoba;166.616199;19.91781818;185.5825924;372.1166096; 1.4 
23682;SAN JOSE DE URE;23;Cordoba;206.4504327;5.089286181;66.55149719;278.0912161; 1.1 
23686;SAN PELAYO;23;Cordoba;87.27517372;20.61809649;251.0359357;358.9292059; 1.4 
23807;TIERRALTA;23;Cordoba;446.3905821;96.00208795;1299.193528;1841.586198; 7.0 
23815;TUCHIN;23;Cordoba;35.13161206;13.1734316;216.0810413;264.3860849; 1.0 
23855;VALENCIA;23;Cordoba;218.6492104;24.56588987;214.2822085;457.4973087; 1.7 
25001;AGUA DE DIOS;25;Cundinamarca;33.40333267;16.05075767;165.0042795;214.4583699; 0.2 
25019;ALBAN;25;Cundinamarca;141.8845592;40.43391783;66.76144345;249.0799204; 0.3 
25035;ANAPOIMA;25;Cundinamarca;452.7396595;42.48700185;275.1583952;770.3850566; 0.9 
25040;ANOLAIMA;25;Cundinamarca;117.8051917;17.59986285;140.4247151;275.8297697; 0.3 
25053;ARBELAEZ;25;Cundinamarca;196.3477435;19.51252086;116.3930663;332.2533306; 0.4 
25086;BELTRAN;25;Cundinamarca;16.74510352;2.641084165;23.86124181;43.24742949; 0.0 
25095;BITUIMA;25;Cundinamarca;67.24430036;5.657144295;26.77319046;99.67463511; 0.1 
25099;BOJACA;25;Cundinamarca;56.00716749;12.98982524;137.0440746;206.0410673; 0.2 
25120;CABRERA;25;Cundinamarca;291.6772887;19.0470086;47.56043019;358.2847275; 0.4 
25123;CACHIPAY;25;Cundinamarca;578.8679923;40.07010193;129.9890502;748.9271444; 0.8 
25126;CAJICA;25;Cundinamarca;60.46630515;1324.338446;1205.72394;2590.528691; 2.9 
25148;CAPARRAPI;25;Cundinamarca;248.9358293;22.10676289;114.247746;385.2903382; 0.4 
25151;CAQUEZA;25;Cundinamarca;173.6259089;24.26657292;196.6837267;394.5762085; 0.4 
25154;CARMEN DE CARUPA;25;Cundinamarca;94.91199013;10.76412991;70.11478708;175.7909071; 0.2 
25168;CHAGUANI;25;Cundinamarca;55.11872322;6.119603203;38.18670744;99.42503387; 0.1 
25175;CHIA;25;Cundinamarca;39.66672338;491.0633975;3995.357632;4526.087753; 5.1 
25178;CHIPAQUE;25;Cundinamarca;16.70561427;8.597291168;96.24173689;121.5446423; 0.1 
25181;CHOACHI;25;Cundinamarca;85.73295629;14.40710578;127.9111735;228.0512356; 0.3 
25183;CHOCONTA;25;Cundinamarca;168.2010338;32.58194332;224.5973047;425.3802818; 0.5 
25200;COGUA;25;Cundinamarca;71.4231582;556.653162;302.1881248;930.2644449; 1.0 
25214;COTA;25;Cundinamarca;16.96766237;1815.828462;2495.832775;4328.628899; 4.9 
25224;CUCUNUBA;25;Cundinamarca;263.4419013;7.447334369;85.05209946;355.9413351; 0.4 
25245;EL COLEGIO;25;Cundinamarca;337.0833426;42.97010307;345.4031916;725.4566373; 0.8 
25258;EL PEÑON;25;Cundinamarca;96.97030421;8.674876345;43.30710801;148.9522886; 0.2 
25260;EL ROSAL;25;Cundinamarca;103.7011582;37.64781667;256.5533967;397.9023716; 0.4 
25269;FACATATIVA;25;Cundinamarca;140.6213863;2230.250559;1981.003126;4351.875071; 4.9 
25279;FOMEQUE;25;Cundinamarca;250.395828;23.26900221;128.6444188;402.309249; 0.5 
25281;FOSCA;25;Cundinamarca;94.96008048;9.485157551;55.90384854;160.3490866; 0.2 
25286;FUNZA;25;Cundinamarca;43.25523684;2429.560168;1976.460787;4449.276192; 5.0 
25288;FUQUENE;25;Cundinamarca;82.3432981;79.7507989;54.59486634;216.6889633; 0.2 
25290;FUSAGASUGA;25;Cundinamarca;608.6507341;225.7363135;2183.11155;3017.498598; 3.4 
25293;GACHALA;25;Cundinamarca;30.21932808;5.447002341;49.64046521;85.30679563; 0.1 
25295;GACHANCIPA;25;Cundinamarca;35.25000118;174.7080518;312.0097503;521.9678033; 0.6 
25297;GACHETA;25;Cundinamarca;34.65527417;9.749336094;104.6721688;149.076779; 0.2 
25299;GAMA;25;Cundinamarca;21.33244551;2.629617139;28.85418542;52.81624807; 0.1 
25307;GIRARDOT;25;Cundinamarca;22.96796008;169.8264717;2249.935325;2442.729757; 2.7 
25312;GRANADA;25;Cundinamarca;45.92857241;10.25354202;112.236755;168.4188694; 0.2 
25317;GUACHETA;25;Cundinamarca;260.306054;14.82088347;178.4250311;453.5519686; 0.5 
25320;GUADUAS;25;Cundinamarca;350.7678144;51.24739891;390.6991878;792.7144011; 0.9 
25322;GUASCA;25;Cundinamarca;34.94070019;16.80707326;187.0351174;238.7828908; 0.3 
25324;GUATAQUI;25;Cundinamarca;16.87441661;3.309020607;29.88677065;50.07020787; 0.1 
25326;GUATAVITA;25;Cundinamarca;172.7022644;15.48701491;88.25227311;276.4415524; 0.3 
25328;GUAYABAL DE SIQUIMA;25;Cundinamarca;77.6967447;7.669343657;43.6322654;128.9983538; 0.1 
25335;GUAYABETAL;25;Cundinamarca;78.06673701;9.26320744;66.76545817;154.0954026; 0.2 
25339;GUTIERREZ;25;Cundinamarca;21.64497296;3.796229214;32.94820967;58.38941185; 0.1 
25368;JERUSALEN;25;Cundinamarca;85.60473493;6.479065939;25.90443147;117.9882323; 0.1 
25372;JUNIN;25;Cundinamarca;107.0971279;11.04257716;71.02972614;189.1694312; 0.2 
25377;LA CALERA;25;Cundinamarca;134.780959;161.1543828;403.5728537;699.5081956; 0.8 
25386;LA MESA;25;Cundinamarca;933.8201268;131.6442298;1389.463225;2454.927581; 2.8 
25394;LA PALMA;25;Cundinamarca;99.51623016;13.06597464;96.57284908;209.1550539; 0.2 
25398;LA PEÑA;25;Cundinamarca;57.99189034;7.500070109;51.47556478;116.9675252; 0.1 
25402;LA VEGA;25;Cundinamarca;133.8388774;24.27953938;234.3259185;392.4443353; 0.4 
25407;LENGUAZAQUE;25;Cundinamarca;262.5152299;129.6575726;113.5457263;505.7185287; 0.6 
25426;MACHETA;25;Cundinamarca;43.84227866;7.380194778;62.46119471;113.6836682; 0.1 
25430;MADRID;25;Cundinamarca;87.34890747;896.5977074;1464.958404;2448.905019; 2.7 
25436;MANTA;25;Cundinamarca;46.54835758;5.52211873;37.27405269;89.344529; 0.1 
25438;MEDINA;25;Cundinamarca;68.33580522;9.954810888;80.82867571;159.1192918; 0.2 
25473;MOSQUERA;25;Cundinamarca;35.5730866;1877.150941;1907.012826;3819.736853; 4.3 
25483;NARIÑO;25;Cundinamarca;9.7201918;2.811006441;30.46922715;43.00042539; 0.0 
25486;NEMOCON;25;Cundinamarca;38.6008487;14.87962648;167.433977;220.9144522; 0.2 
25488;NILO;25;Cundinamarca;62.3470984;16.92369955;197.2760464;276.5468444; 0.3 
25489;NIMAIMA;25;Cundinamarca;27.43785494;4.816612067;43.87677916;76.13124616; 0.1 
25491;NOCAIMA;25;Cundinamarca;65.28349366;9.006252436;72.24615721;146.5359033; 0.2 
25506;VENECIA;25;Cundinamarca;245.759089;16.36134233;43.47747708;305.5979084; 0.3 
25513;PACHO;25;Cundinamarca;285.1732262;35.73263281;260.9229224;581.8287814; 0.7 
25518;PAIME;25;Cundinamarca;64.98509347;6.472618804;35.80334594;107.2610582; 0.1 
25524;PANDI;25;Cundinamarca;543.9706241;32.5797752;50.45990501;627.0103043; 0.7 
25530;PARATEBUENO;25;Cundinamarca;225.0088535;19.28009952;100.3467806;344.6357336; 0.4 
25535;PASCA;25;Cundinamarca;173.4744722;16.56550638;93.49856924;283.5385478; 0.3 
25572;PUERTO SALGAR;25;Cundinamarca;217.7847713;29.97652811;268.6336238;516.3949232; 0.6 
25580;PULI;25;Cundinamarca;44.59389176;4.860409943;29.967579;79.4218807; 0.1 
25592;QUEBRADANEGRA;25;Cundinamarca;44.75729691;6.793360425;58.31242587;109.8630832; 0.1 
25594;QUETAME;25;Cundinamarca;56.79356573;7.325162769;57.04084771;121.1595762; 0.1 
25596;QUIPILE;25;Cundinamarca;207.0863334;16.28810281;69.00218234;292.3766185; 0.3 
25599;APULO;25;Cundinamarca;240.6954685;20.46975897;104.6184997;365.7837272; 0.4 
25612;RICAURTE;25;Cundinamarca;70.39870133;27.07480963;332.3293096;429.8028206; 0.5 
25645;SAN ANTONIO DEL TEQUENDAMA;25;Cundinamarca;91.23361015;17.42853223;173.954313;282.6164554; 0.3 
25649;SAN BERNARDO;25;Cundinamarca;1059.763517;62.93566463;96.73310883;1219.432291; 1.4 
25653;SAN CAYETANO;25;Cundinamarca;73.90331688;7.296100177;38.93525413;120.1346712; 0.1 
25658;SAN FRANCISCO;25;Cundinamarca;104.4835959;14.91245692;119.4328272;238.82888; 0.3 
25662;SAN JUAN DE RIO SECO;25;Cundinamarca;158.5145763;15.72752003;96.84608892;271.0881853; 0.3 
25718;SASAIMA;25;Cundinamarca;300.9714655;25.47163704;125.1022733;451.5453758; 0.5 
25736;SESQUILE;25;Cundinamarca;152.3638627;240.6863107;194.3632278;587.4134013; 0.7 
25740;SIBATE;25;Cundinamarca;137.2175823;789.5122077;517.7909844;1444.520774; 1.6 
25743;SILVANIA;25;Cundinamarca;360.972078;38.94546583;262.953541;662.8710848; 0.7 
25745;SIMIJACA;25;Cundinamarca;30.26682961;64.65541816;164.6469892;259.569237; 0.3 
25754;SOACHA;25;Cundinamarca;22.77141966;1588.885797;7333.176048;8944.833265; 10.0 
25758;SOPO;25;Cundinamarca;21.43580767;813.5333103;446.6961207;1281.665239; 1.4 
25769;SUBACHOQUE;25;Cundinamarca;39.44567736;16.90819663;181.8665223;238.2203963; 0.3 
25772;SUESCA;25;Cundinamarca;149.2235201;70.99662999;200.7520122;420.9721623; 0.5 
25777;SUPATA;25;Cundinamarca;69.47068087;7.884908792;51.93346278;129.2890524; 0.1 
25779;SUSA;25;Cundinamarca;37.38808403;7.035314301;63.0851623;107.5085606; 0.1 
25781;SUTATAUSA;25;Cundinamarca;231.7923263;6.198159953;78.51845738;316.5089437; 0.4 
25785;TABIO;25;Cundinamarca;23.41710809;22.1928745;278.6328658;324.2428484; 0.4 
25793;TAUSA;25;Cundinamarca;544.9775484;77.36818507;106.0554806;728.401214; 0.8 
25797;TENA;25;Cundinamarca;85.01790927;12.8931782;107.2886493;205.1997368; 0.2 
25799;TENJO;25;Cundinamarca;60.66885799;836.2692708;828.6807873;1725.618916; 1.9 
25805;TIBACUY;25;Cundinamarca;64.30557722;6.876188438;42.98578809;114.1675537; 0.1 
25807;TIBIRITA;25;Cundinamarca;45.40705839;5.017017881;31.91960177;82.34367804; 0.1 
25815;TOCAIMA;25;Cundinamarca;447.5958291;39.59363008;218.1844998;705.3739589; 0.8 
25817;TOCANCIPA;25;Cundinamarca;38.48443593;4040.561237;2434.737664;6513.783337; 7.3 
25823;TOPAIPI;25;Cundinamarca;43.41326299;5.405202657;36.91017508;85.72864072; 0.1 
25839;UBALA;25;Cundinamarca;126.2695022;85.39692129;1556.735268;1768.401692; 2.0 
25841;UBAQUE;25;Cundinamarca;198.1139954;15.69135389;64.54735849;278.3527077; 0.3 
25843;VILLA DE SAN DIEGO DE UBATE;25;Cundinamarca;56.43576623;111.2537165;582.2221043;749.9115871; 0.8 
25845;UNE;25;Cundinamarca;123.6050987;12.7945013;82.23459191;218.6341919; 0.2 
25851;UTICA;25;Cundinamarca;27.93436193;5.182244465;46.58665424;79.70326063; 0.1 
25862;VERGARA;25;Cundinamarca;68.75507275;9.488993495;74.16007222;152.4041385; 0.2 
25867;VIANI;25;Cundinamarca;54.82624335;6.623634666;47.50217896;108.952057; 0.1 
25871;VILLAGOMEZ;25;Cundinamarca;17.46332254;2.533776669;21.29388444;41.29098365; 0.0 
25873;VILLAPINZON;25;Cundinamarca;624.509952;55.08457936;196.789392;876.3839233; 1.0 
25875;VILLETA;25;Cundinamarca;117.0649725;37.45903914;445.6521317;600.1761433; 0.7 
25878;VIOTA;25;Cundinamarca;369.8773069;30.76512851;144.4976701;545.1401055; 0.6 
25885;YACOPI;25;Cundinamarca;225.2802884;21.5568772;119.5862784;366.423444; 0.4 
25898;ZIPACON;25;Cundinamarca;43.99136651;6.628632314;56.56208803;107.1820869; 0.1 
25899;ZIPAQUIRA;25;Cundinamarca;106.9668117;276.2574717;1836.844754;2220.069038; 2.5 
27001;QUIBDO;27;Choco;122.5017831;100.3213243;1857.368558;2080.191666; 31.2 
27006;ACANDI;27;Choco;49.15352021;4.373120577;47.6013154;101.1279562; 1.5 
27025;ALTO BAUDO;27;Choco;24.76907961;5.542813252;97.36483461;127.6767275; 1.9 
27050;ATRATO;27;Choco;45.53937298;2.090462139;26.47949133;74.10932644; 1.1 
27073;BAGADO;27;Choco;5.949740521;2.276969093;45.46337454;53.69008415; 0.8 
27075;BAHIA SOLANO;27;Choco;9.024899634;2.018312611;35.44789931;46.49111155; 0.7 
27077;BAJO BAUDO;27;Choco;8.226476174;4.064369721;81.33046184;93.62130773; 1.4 
27099;BOJAYA;27;Choco;33.63065825;3.626059481;46.26826986;83.52498759; 1.3 
27135;EL CANTON DEL SAN PABLO;27;Choco;508.4351995;1.271019103;24.46267099;534.1688896; 8.0 
27150;CARMEN DEL DARIEN;27;Choco;494.5583347;24.77345476;51.31591011;570.6476995; 8.6 
27160;CERTEGUI;27;Choco;47.09492957;1.547110465;25.66681926;74.3088593; 1.1 
27205;CONDOTO;27;Choco;52.7431341;2.704717523;51.57822498;107.0260766; 1.6 
27245;EL CARMEN DE ATRATO;27;Choco;29.85522408;35.56276257;38.08616485;103.5041515; 1.6 
27250;EL LITORAL DEL SAN JUAN;27;Choco;7.77354396;3.164018245;61.94447022;72.88203243; 1.1 
27361;ISTMINA;27;Choco;179.7890445;17.84016825;276.7665488;474.3957616; 7.1 
27372;JURADO;27;Choco;30.77608762;2.159057588;16.7979767;49.73312191; 0.7 
27413;LLORO;27;Choco;75.34023561;2.099349139;36.90282456;114.3424093; 1.7 
27425;MEDIO ATRATO;27;Choco;58.78857626;3.757868351;32.8009143;95.34735891; 1.4 
27430;MEDIO BAUDO;27;Choco;37.96448079;3.866187419;47.22558085;89.05624906; 1.3 
27450;MEDIO SAN JUAN;27;Choco;15.12804123;2.373543985;41.82216172;59.32374693; 0.9 
27491;NOVITA;27;Choco;150.8539436;3.64211852;29.08546216;183.5815242; 2.8 
27495;NUQUI;27;Choco;17.97958157;2.744139919;42.50574105;63.22946254; 0.9 
27580;RIO IRO;27;Choco;7.928703804;1.567267332;27.72293206;37.2189032; 0.6 
27600;RIO QUITO;27;Choco;6.392845267;1.527037242;29.11340232;37.03328482; 0.6 
27615;RIOSUCIO;27;Choco;426.7120032;25.73016676;140.2430496;592.6852196; 8.9 
27660;SAN JOSE DEL PALMAR;27;Choco;26.3307559;2.019007944;18.15736444;46.50712828; 0.7 
27745;SIPI;27;Choco;42.7787102;1.00756102;18.81995926;62.60623048; 0.9 
27787;TADO;27;Choco;40.63170757;12.31398769;192.0800114;245.0257067; 3.7 
27800;UNGUIA;27;Choco;95.56038715;6.287894378;42.99112408;144.8394056; 2.2 
27810;UNION PANAMERICANA;27;Choco;203.7803336;1.833515019;35.8778797;241.4917283; 3.6 
41001;NEIVA;41;Huila;906.2684476;1001.446061;6667.332385;8575.046894; 34.4 
41006;ACEVEDO;41;Huila;284.7875062;37.57073836;209.2565841;531.6148286; 2.1 
41013;AGRADO;41;Huila;57.70626054;11.04792525;86.29337929;155.0475651; 0.6 
41016;AIPE;41;Huila;440.407429;29.17624542;188.5047831;658.0884575; 2.6 
41020;ALGECIRAS;41;Huila;154.6764865;27.77097767;206.7435635;389.1910278; 1.6 
41026;ALTAMIRA;41;Huila;62.50251632;8.47458099;49.50861389;120.4857112; 0.5 
41078;BARAYA;41;Huila;86.67770798;12.04229316;70.79377004;169.5137712; 0.7 
41132;CAMPOALEGRE;41;Huila;223.0828346;63.34845326;334.8410812;621.2723691; 2.5 
41206;COLOMBIA;41;Huila;130.7043286;14.52707797;61.71062775;206.9420343; 0.8 
41244;ELIAS;41;Huila;41.34601941;6.524867488;44.25448686;92.12537375; 0.4 
41298;GARZON;41;Huila;520.0301385;88.56725173;667.4590147;1276.056405; 5.1 
41306;GIGANTE;41;Huila;247.2334095;58.55169281;531.2074713;836.9925736; 3.4 
41319;GUADALUPE;41;Huila;98.46076062;18.72639563;143.4435599;260.6307162; 1.0 
41349;HOBO;41;Huila;42.18667776;9.365437915;80.01284979;131.5649655; 0.5 
41357;IQUIRA;41;Huila;80.63361261;12.34263124;84.93011913;177.906363; 0.7 
41359;ISNOS;41;Huila;220.9552406;32.02422961;195.9362644;448.9157346; 1.8 
41378;LA ARGENTINA;41;Huila;81.20858115;14.27260518;103.806283;199.2874693; 0.8 
41396;LA PLATA;41;Huila;417.6672091;71.91570511;517.7841938;1007.367108; 4.0 
41483;NATAGA;41;Huila;51.56504208;7.729149479;49.14227046;108.436462; 0.4 
41503;OPORAPA;41;Huila;74.63340072;12.29426265;84.79372488;171.7213883; 0.7 
41518;PAICOL;41;Huila;135.1947902;7.786585219;51.55968603;194.5410615; 0.8 
41524;PALERMO;41;Huila;404.8371571;370.8711642;335.3255829;1111.033904; 4.5 
41530;PALESTINA;41;Huila;120.7946144;15.06778854;76.18009932;212.0425023; 0.9 
41548;PITAL;41;Huila;138.6675516;19.3907519;115.6267824;273.6850859; 1.1 
41551;PITALITO;41;Huila;686.4886281;199.6214319;1883.69644;2769.806501; 11.1 
41615;RIVERA;41;Huila;233.9438593;60.5076434;303.4447707;597.8962734; 2.4 
41660;SALADOBLANCO;41;Huila;73.62288059;12.64396124;91.24231319;177.509155; 0.7 
41668;SAN AGUSTIN;41;Huila;241.9942935;41.2172665;293.9459918;577.1575518; 2.3 
41676;SANTA MARIA;41;Huila;118.4576812;15.75632726;88.56703661;222.781045; 0.9 
41770;SUAZA;41;Huila;201.1094011;29.34592408;182.6388052;413.0941304; 1.7 
41791;TARQUI;41;Huila;125.5466723;19.84499334;131.8364815;277.2281471; 1.1 
41797;TESALIA;41;Huila;134.133819;13.18480615;99.52968415;246.8483093; 1.0 
41799;TELLO;41;Huila;164.1948025;22.40422229;99.88068777;286.4797126; 1.1 
41801;TERUEL;41;Huila;52.01094909;9.386143315;69.82664981;131.2237422; 0.5 
41807;TIMANA;41;Huila;123.3402048;24.48095296;193.4330389;341.2541966; 1.4 
41872;VILLAVIEJA;41;Huila;101.5225123;11.01919536;70.18546254;182.7271702; 0.7 
41885;YAGUARA;41;Huila;176.8741523;44.7332596;537.034311;758.6417229; 3.0 
44001;RIOHACHA;44;La Guajira;270.5339603;380.9998858;2877.503442;3529.037288; 17.9 
44035;ALBANIA;44;La Guajira;1701.324157;22.95585425;229.7695813;1954.049593; 9.9 
44078;BARRANCAS;44;La Guajira;7221.620348;22.45844092;189.468687;7433.547476; 37.7 
44090;DIBULLA;44;La Guajira;149.0133089;32.55057116;238.2483088;419.8121889; 2.1 
44098;DISTRACCION;44;La Guajira;27.57762523;9.461052026;77.16596425;114.2046415; 0.6 
44110;EL MOLINO;44;La Guajira;35.1805501;8.304038925;57.2330651;100.7176541; 0.5 
44279;FONSECA;44;La Guajira;67.28394171;28.37918659;246.6419374;342.3050657; 1.7 
44378;HATONUEVO;44;La Guajira;622.1325953;29.9225907;322.0369581;974.092144; 4.9 
44420;LA JAGUA DEL PILAR;44;La Guajira;25.038885;4.098993724;20.6177764;49.75565513; 0.3 
44430;MAICAO;44;La Guajira;60.37835957;181.6320752;1961.633994;2203.644429; 11.2 
44560;MANAURE;44;La Guajira;145.1871709;30.27602515;327.6207032;503.0838992; 2.6 
44650;SAN JUAN DEL CESAR;44;La Guajira;98.23928803;33.70858222;274.7463833;406.6942536; 2.1 
44847;URIBIA;44;La Guajira;10.30125049;107.6997306;1181.273333;1299.274314; 6.6 
44855;URUMITA;44;La Guajira;64.87805316;11.08145156;58.33076616;134.2902709; 0.7 
44874;VILLANUEVA;44;La Guajira;52.27078519;19.35217232;161.7899742;233.4129317; 1.2 
47001;SANTA MARTA;47;Magdalena;341.7238584;979.3480801;7353.096279;8674.168217; 41.8 
47030;ALGARROBO;47;Magdalena;51.95510179;10.11437885;107.5808448;169.6503255; 0.8 
47053;ARACATACA;47;Magdalena;178.2210811;79.31831994;256.8885765;514.4279775; 2.5 
47058;ARIGUANI;47;Magdalena;97.62189636;20.17411555;224.7417347;342.5377466; 1.7 
47161;CERRO SAN ANTONIO;47;Magdalena;15.74733376;5.84875234;75.55571087;97.15179698; 0.5 
47170;CHIVOLO;47;Magdalena;55.29331797;11.90399188;129.7519879;196.9492978; 0.9 
47189;CIENAGA;47;Magdalena;658.0620598;250.4614678;1246.73917;2155.262698; 10.4 
47205;CONCORDIA;47;Magdalena;38.66777642;6.775528539;67.44262453;112.8859295; 0.5 
47245;EL BANCO;47;Magdalena;60.48890921;34.31411138;456.0766699;550.8796905; 2.7 
47258;EL PIÑON;47;Magdalena;53.27979965;12.27685593;136.8782997;202.4349553; 1.0 
47268;EL RETEN;47;Magdalena;165.0584261;18.9963418;140.4149408;324.4697087; 1.6 
47288;FUNDACION;47;Magdalena;117.8375716;102.1286678;556.2903558;776.2565951; 3.7 
47318;GUAMAL;47;Magdalena;112.1742932;19.51759764;196.8151153;328.5070061; 1.6 
47460;NUEVA GRANADA;47;Magdalena;166.4628235;21.14763851;174.7531984;362.3636605; 1.7 
47541;PEDRAZA;47;Magdalena;22.85959651;31.98329531;505.6126406;560.4555324; 2.7 
47545;PIJIÑO DEL CARMEN;47;Magdalena;89.95708238;10.55534818;79.17920011;179.6916307; 0.9 
47551;PIVIJAY;47;Magdalena;169.6876049;29.2623808;294.8861064;493.8360921; 2.4 
47555;PLATO;47;Magdalena;165.7664544;73.82700826;530.9174015;770.5108641; 3.7 
47570;PUEBLOVIEJO;47;Magdalena;37.38312298;15.04266621;195.0167938;247.442583; 1.2 
47605;REMOLINO;47;Magdalena;28.72378366;6.73187944;76.20411784;111.6597809; 0.5 
47660;SABANAS DE SAN ANGEL;47;Magdalena;65.41547916;11.67055391;120.1422459;197.2282789; 1.0 
47675;SALAMINA;47;Magdalena;27.11081697;6.57541546;75.49411481;109.1803472; 0.5 
47692;SAN SEBASTIAN DE BUENAVISTA;47;Magdalena;85.75487978;13.68624428;130.5160634;229.9571874; 1.1 
47703;SAN ZENON;47;Magdalena;69.06431299;8.936219499;73.0773764;151.0779089; 0.7 
47707;SANTA ANA;47;Magdalena;87.50584386;16.39388258;170.8945531;274.7942795; 1.3 
47720;SANTA BARBARA DE PINTO;47;Magdalena;28.90593471;7.119036737;83.42028896;119.4452604; 0.6 
47745;SITIONUEVO;47;Magdalena;93.5296716;18.18211824;192.9449062;304.6566961; 1.5 
47798;TENERIFE;47;Magdalena;31.60264234;10.41539807;134.0586252;176.0766656; 0.8 
47960;ZAPAYAN;47;Magdalena;45.32072571;7.538142453;74.39249432;127.2513625; 0.6 
47980;ZONA BANANERA;47;Magdalena;1272.583356;108.5704424;498.9391021;1880.092901; 9.1 
50001;VILLAVICENCIO;50;Meta;1201.376804;1256.528107;9321.397411;11779.30232; 22.8 
50006;ACACIAS;50;Meta;5593.817754;144.3600261;1193.535932;6931.713712; 13.4 
50110;BARRANCA DE UPIA;50;Meta;222.8246733;85.20600835;73.23928839;381.26997; 0.7 
50124;CABUYARO;50;Meta;1778.599064;32.65540588;77.59605301;1888.850523; 3.7 
50150;CASTILLA LA NUEVA;50;Meta;3844.879389;24.55613558;167.1121986;4036.547723; 7.8 
50223;CUBARRAL;50;Meta;22.4886496;6.441195043;76.99612398;105.9259686; 0.2 
50226;CUMARAL;50;Meta;225.0159152;104.5127229;263.1730621;592.7017001; 1.1 
50245;EL CALVARIO;50;Meta;9.153491874;1.621599065;18.45088857;29.22597951; 0.1 
50251;EL CASTILLO;50;Meta;139.0830907;14.24892098;92.70872991;246.0407416; 0.5 
50270;EL DORADO;50;Meta;32.36237757;4.736522911;42.80134589;79.90024637; 0.2 
50287;FUENTE DE ORO;50;Meta;954.9520949;65.75745588;147.5685063;1168.278057; 2.3 
50313;GRANADA;50;Meta;771.0913012;133.4192013;841.4411184;1745.951621; 3.4 
50318;GUAMAL;50;Meta;1600.931619;15.74132653;169.1704772;1785.843423; 3.5 
50325;MAPIRIPAN;50;Meta;168.0766109;14.35521885;76.29139051;258.7232203; 0.5 
50330;MESETAS;50;Meta;82.89514306;12.27745755;110.9038521;206.0764527; 0.4 
50350;LA MACARENA;50;Meta;115.6205124;19.87279847;201.5084861;337.0017971; 0.7 
50370;URIBE;50;Meta;156.7868546;14.73833069;81.80996611;253.3351514; 0.5 
50400;LEJANIAS;50;Meta;416.2249676;33.22153775;133.6211216;583.0676269; 1.1 
50450;PUERTO CONCORDIA;50;Meta;286.290313;21.33545893;76.90188299;384.5276549; 0.7 
50568;PUERTO GAITAN;50;Meta;12323.40468;80.66548108;553.6502494;12957.72041; 25.1 
50573;PUERTO LOPEZ;50;Meta;1256.009337;164.2050787;560.4847103;1980.699126; 3.8 
50577;PUERTO LLERAS;50;Meta;299.2706166;25.93515716;128.1771802;453.3829539; 0.9 
50590;PUERTO RICO;50;Meta;364.4121966;30.60933677;139.58795;534.6094834; 1.0 
50606;RESTREPO;50;Meta;106.0006477;22.26849876;232.5363398;360.8054862; 0.7 
50680;SAN CARLOS DE GUAROA;50;Meta;177.9700841;382.7457351;148.8710348;709.586854; 1.4 
50683;SAN JUAN DE ARAMA;50;Meta;203.6671827;18.79629093;103.3343669;325.7978405; 0.6 
50686;SAN JUANITO;50;Meta;12.16334578;1.721557969;15.4306558;29.31555955; 0.1 
50689;SAN MARTIN;50;Meta;372.6790446;129.8956366;328.4515637;831.0262449; 1.6 
50711;VISTAHERMOSA;50;Meta;364.3213129;33.86045369;188.1397777;586.3215443; 1.1 
52001;PASTO;52;Nariño;240.1913505;826.1305619;7139.335911;8205.657823; 37.1 
52019;ALBAN;52;Nariño;187.971205;14.50597015;58.24812094;260.725296; 1.2 
52022;ALDANA;52;Nariño;18.21027931;4.250988037;52.61973414;75.08100149; 0.3 
52036;ANCUYA;52;Nariño;22.89385635;4.55433792;52.62866113;80.07685539; 0.4 
52051;ARBOLEDA;52;Nariño;69.40253701;6.732421085;43.68114065;119.8160987; 0.5 
52079;BARBACOAS;52;Nariño;29.31380516;18.18214482;283.3763991;330.8723491; 1.5 
52083;BELEN;52;Nariño;4.301763664;3.319682852;50.77998649;58.401433; 0.3 
52110;BUESACO;52;Nariño;88.24780418;13.73865598;140.6815264;242.6679866; 1.1 
52203;COLON;52;Nariño;87.90650859;7.829789258;44.00284333;139.7391412; 0.6 
52207;CONSACA;52;Nariño;49.72470117;6.532382421;58.27300182;114.5300854; 0.5 
52210;CONTADERO;52;Nariño;66.15015126;6.284709021;39.65546577;112.090326; 0.5 
52215;CORDOBA;52;Nariño;90.32985649;11.28441279;99.02850742;200.6427767; 0.9 
52224;CUASPUD;52;Nariño;33.55776771;5.090915024;51.23563877;89.8843215; 0.4 
52227;CUMBAL;52;Nariño;72.35614825;13.80671579;154.3111069;240.4739709; 1.1 
52233;CUMBITARA;52;Nariño;11.65682815;3.621547788;48.82512742;64.10350336; 0.3 
52240;CHACHAGÜI;52;Nariño;75.76612491;12.78263153;139.297374;227.8461305; 1.0 
52250;EL CHARCO;52;Nariño;120.0052377;13.3544915;109.2907703;242.6504994; 1.1 
52254;EL PEÑOL;52;Nariño;48.23137179;4.963170224;34.72125823;87.91580024; 0.4 
52256;EL ROSARIO;52;Nariño;73.60247417;7.441427456;50.53600042;131.5799021; 0.6 
52258;EL TABLON DE GOMEZ;52;Nariño;51.20738593;7.578112586;74.67298669;133.4584852; 0.6 
52260;EL TAMBO;52;Nariño;80.56581907;11.02916889;104.5507393;196.1457272; 0.9 
52287;FUNES;52;Nariño;16.05325631;3.55395181;42.84751791;62.45472603; 0.3 
52317;GUACHUCAL;52;Nariño;50.33159961;55.86077479;129.3880008;235.5803752; 1.1 
52320;GUAITARILLA;52;Nariño;54.78756739;8.965309025;95.72008738;159.4729638; 0.7 
52323;GUALMATAN;52;Nariño;37.5147674;4.945633328;45.26589347;87.7262942; 0.4 
52352;ILES;52;Nariño;31.89481534;4.704730418;46.69540659;83.29495234; 0.4 
52354;IMUES;52;Nariño;27.99260129;5.013364587;55.76011905;88.76608492; 0.4 
52356;IPIALES;52;Nariño;171.5720037;100.7771315;1542.715088;1815.064224; 8.2 
52378;LA CRUZ;52;Nariño;25.7638358;7.863822182;103.6936435;137.3213014; 0.6 
52381;LA FLORIDA;52;Nariño;105.8830897;9.646538794;56.72608509;172.2557136; 0.8 
52385;LA LLANADA;52;Nariño;6.089543342;2.62239502;37.27337229;45.98531065; 0.2 
52390;LA TOLA;52;Nariño;2.350881532;2.408355167;37.25392597;42.01316266; 0.2 
52399;LA UNION;52;Nariño;130.2166793;20.1579336;206.4937723;356.8683852; 1.6 
52405;LEIVA;52;Nariño;42.11405468;5.895413428;56.38313374;104.3926018; 0.5 
52411;LINARES;52;Nariño;67.63575965;7.299988813;54.62834819;129.5640967; 0.6 
52418;LOS ANDES;52;Nariño;32.55345959;5.174463625;54.50688785;92.23481106; 0.4 
52427;MAGÜI;52;Nariño;7.352690505;5.358653506;84.65514499;97.366489; 0.4 
52435;MALLAMA;52;Nariño;24.15050975;4.371878622;48.33550406;76.85789243; 0.3 
52473;MOSQUERA;52;Nariño;5.649888612;3.533450698;51.82081977;61.00415908; 0.3 
52480;NARIÑO;52;Nariño;13.38074917;2.406667877;26.66001609;42.44743314; 0.2 
52490;OLAYA HERRERA;52;Nariño;30.0842205;7.940834393;106.2595427;144.2845976; 0.7 
52506;OSPINA;52;Nariño;49.784388;5.184736657;37.12973676;92.09886142; 0.4 
52520;FRANCISCO PIZARRO;52;Nariño;28.50640488;4.901419165;55.65073791;89.05856196; 0.4 
52540;POLICARPA;52;Nariño;32.22958753;6.57992759;77.90978607;116.7193012; 0.5 
52560;POTOSI;52;Nariño;183.0518832;14.36681485;60.69163096;258.110329; 1.2 
52565;PROVIDENCIA;52;Nariño;11.35058691;2.562213117;31.06085268;44.97365271; 0.2 
52573;PUERRES;52;Nariño;30.81119173;5.86279257;67.39540863;104.0693929; 0.5 
52585;PUPIALES;52;Nariño;122.4226708;23.02387887;112.5942127;258.0407624; 1.2 
52612;RICAURTE;52;Nariño;62.98254757;11.18252104;124.1533309;198.3183995; 0.9 
52621;ROBERTO PAYAN;52;Nariño;184.8530797;4.307573454;55.66737603;244.8280292; 1.1 
52678;SAMANIEGO;52;Nariño;136.6593876;19.15915944;183.7839828;339.6025299; 1.5 
52683;SANDONA;52;Nariño;115.7292828;15.22445511;139.5239052;270.4776431; 1.2 
52685;SAN BERNARDO;52;Nariño;37.0915529;5.065826842;47.20836425;89.36574399; 0.4 
52687;SAN LORENZO;52;Nariño;156.6777514;14.70054957;90.26805029;261.6463513; 1.2 
52693;SAN PABLO;52;Nariño;66.50120669;10.02374012;101.0800492;177.604996; 0.8 
52694;SAN PEDRO DE CARTAGO;52;Nariño;64.32611639;5.857700028;34.27235156;104.456168; 0.5 
52696;SANTA BARBARA;52;Nariño;110.1832184;9.395374114;61.78063513;181.3592276; 0.8 
52699;SANTACRUZ;52;Nariño;12.48284497;4.400548309;59.99149856;76.87489183; 0.3 
52720;SAPUYES;52;Nariño;40.21624858;10.35626946;37.73258887;88.30510691; 0.4 
52786;TAMINANGO;52;Nariño;108.1264235;13.05376045;110.6282529;231.8084369; 1.0 
52788;TANGUA;52;Nariño;75.4901561;9.213753718;67.29649674;152.0004066; 0.7 
52835;SAN ANDRES DE TUMACO;52;Nariño;380.8597996;208.7521542;2086.090643;2675.702597; 12.1 
52838;TUQUERRES;52;Nariño;123.1342137;28.2712902;340.7471432;492.1526471; 2.2 
52885;YACUANQUER;52;Nariño;100.6950084;9.642396929;61.63584444;171.9732498; 0.8 
54001;CUCUTA;54;Norte De Santander;534.7908325;2054.709817;10474.83489;13064.33554; 54.9 
54003;ABREGO;54;Norte De Santander;200.7401943;34.70722888;214.7718419;450.2192651; 1.9 
54051;ARBOLEDAS;54;Norte De Santander;55.79454162;8.927725616;58.57278905;123.2950563; 0.5 
54099;BOCHALEMA;54;Norte De Santander;106.567113;11.01493223;87.12337132;204.7054166; 0.9 
54109;BUCARASICA;54;Norte De Santander;30.96115374;5.766892782;37.88448863;74.61253515; 0.3 
54125;CACOTA;54;Norte De Santander;12.84609036;3.161326273;24.99050742;40.99792405; 0.2 
54128;CACHIRA;54;Norte De Santander;54.71260629;11.20554081;79.19386864;145.1120157; 0.6 
54172;CHINACOTA;54;Norte De Santander;66.70876905;21.67474215;196.3264271;284.7099383; 1.2 
54174;CHITAGA;54;Norte De Santander;50.63165211;11.19043707;89.27191512;151.0940043; 0.6 
54206;CONVENCION;54;Norte De Santander;97.31768529;17.63768255;113.4084512;228.363819; 1.0 
54223;CUCUTILLA;54;Norte De Santander;59.11550225;9.004076836;48.56458822;116.6841673; 0.5 
54239;DURANIA;54;Norte De Santander;60.25999453;6.417862089;37.73854698;104.4164036; 0.4 
54245;EL CARMEN;54;Norte De Santander;113.8487802;16.15777576;84.02423234;214.0307884; 0.9 
54250;EL TARRA;54;Norte De Santander;33.54098455;12.85509789;118.7592334;165.1553159; 0.7 
54261;EL ZULIA;54;Norte De Santander;322.4380816;68.81785529;242.4852183;633.7411553; 2.7 
54313;GRAMALOTE;54;Norte De Santander;27.8825637;6.456878866;48.87130098;83.21074355; 0.3 
54344;HACARI;54;Norte De Santander;29.04383504;7.277469452;57.49511601;93.8164205; 0.4 
54347;HERRAN;54;Norte De Santander;12.72172498;3.767018589;36.79398562;53.28272918; 0.2 
54377;LABATECA;54;Norte De Santander;58.67335145;7.632782117;39.96043967;106.2665732; 0.4 
54385;LA ESPERANZA;54;Norte De Santander;204.9731736;22.13438545;75.67117646;302.7787355; 1.3 
54398;LA PLAYA;54;Norte De Santander;37.88764918;7.187956537;47.90452138;92.98012709; 0.4 
54405;LOS PATIOS;54;Norte De Santander;67.71805479;155.4472127;628.6460831;851.8113506; 3.6 
54418;LOURDES;54;Norte De Santander;51.22974597;6.622905163;28.53902213;86.39167327; 0.4 
54480;MUTISCUA;54;Norte De Santander;14.61737282;4.097536103;34.25531929;52.97022822; 0.2 
54498;OCAÑA;54;Norte De Santander;136.7540111;96.25278185;955.1630694;1188.169862; 5.0 
54518;PAMPLONA;54;Norte De Santander;39.54247958;42.17374071;443.7996661;525.5158864; 2.2 
54520;PAMPLONITA;54;Norte De Santander;38.68602276;6.263135729;42.90445854;87.85361703; 0.4 
54553;PUERTO SANTANDER;54;Norte De Santander;37.95538581;10.97893554;93.83447694;142.7687983; 0.6 
54599;RAGONVALIA;54;Norte De Santander;46.92472329;7.948289341;48.43005504;103.3030677; 0.4 
54660;SALAZAR;54;Norte De Santander;70.34877192;8.662212524;65.2292985;144.2402829; 0.6 
54670;SAN CALIXTO;54;Norte De Santander;51.4012653;9.601625955;65.63214755;126.6350388; 0.5 
54673;SAN CAYETANO;54;Norte De Santander;88.65608968;29.03739745;282.0228387;399.7163259; 1.7 
54680;SANTIAGO;54;Norte De Santander;33.30560191;3.634796588;27.7178836;64.65828209; 0.3 
54720;SARDINATA;54;Norte De Santander;572.499166;27.209186;185.13462;784.8429719; 3.3 
54743;SILOS;54;Norte De Santander;61.4612182;9.08272182;47.7275581;118.2714981; 0.5 
54800;TEORAMA;54;Norte De Santander;64.64570897;13.4719362;95.96649244;174.0841376; 0.7 
54810;TIBU;54;Norte De Santander;554.1215231;67.89473018;366.5345515;988.5508049; 4.2 
54820;TOLEDO;54;Norte De Santander;93.14182874;14.77130401;104.0558942;211.9690269; 0.9 
54871;VILLA CARO;54;Norte De Santander;16.93113348;4.134522869;32.29642387;53.36208022; 0.2 
54874;VILLA DEL ROSARIO;54;Norte De Santander;47.47938639;116.9622028;796.4586712;960.9002603; 4.0 
63001;ARMENIA;63;Quindio;392.6707459;727.8363528;5262.218063;6382.725162; 51.0 
63111;BUENAVISTA;63;Quindio;133.4707888;10.63782284;35.99894986;180.1075615; 1.4 
63130;CALARCA;63;Quindio;417.0466478;79.88659042;759.579658;1256.512896; 10.0 
63190;CIRCASIA;63;Quindio;160.6378728;33.19745985;351.8472637;545.6825963; 4.4 
63212;CORDOBA;63;Quindio;52.80692684;6.662730379;50.26042635;109.7300836; 0.9 
63272;FILANDIA;63;Quindio;104.8145949;16.0929144;144.9371182;265.8446275; 2.1 
63302;GENOVA;63;Quindio;145.0453053;14.4447671;82.21623982;241.7063122; 1.9 
63401;LA TEBAIDA;63;Quindio;338.7432117;237.6805738;420.6472634;997.0710489; 8.0 
63470;MONTENEGRO;63;Quindio;566.8178358;66.17521467;472.2712883;1105.264339; 8.8 
63548;PIJAO;63;Quindio;227.501478;18.37196353;65.18345935;311.0569009; 2.5 
63594;QUIMBAYA;63;Quindio;343.3866673;52.19698014;469.4086931;864.9923406; 6.9 
63690;SALENTO;63;Quindio;94.64996872;15.2559334;143.9711742;253.8770763; 2.0 
66001;PEREIRA;66;Risaralda;739.2041016;3209.072149;9941.966132;13890.24238; 58.0 
66045;APIA;66;Risaralda;242.3430392;29.63912117;154.6943159;426.6764762; 1.8 
66075;BALBOA;66;Risaralda;120.7966156;224.6737298;82.63126679;428.1016122; 1.8 
66088;BELEN DE UMBRIA;66;Risaralda;322.8007211;49.6717309;335.0888921;707.5613442; 3.0 
66170;DOSQUEBRADAS;66;Risaralda;52.95240523;978.9584935;3372.401073;4404.311971; 18.4 
66318;GUATICA;66;Risaralda;152.3449174;23.92800135;163.7984687;340.0713875; 1.4 
66383;LA CELIA;66;Risaralda;87.26368132;14.10316254;98.23948649;199.6063303; 0.8 
66400;LA VIRGINIA;66;Risaralda;37.31486749;37.56642592;440.0972662;514.9785596; 2.2 
66440;MARSELLA;66;Risaralda;157.6790101;28.16876636;209.5336275;395.381404; 1.7 
66456;MISTRATO;66;Risaralda;43.46206759;17.13430652;173.6244654;234.2208395; 1.0 
66572;PUEBLO RICO;66;Risaralda;45.48753377;16.5504298;166.0956292;228.1335927; 1.0 
66594;QUINCHIA;66;Risaralda;195.9097287;32.9616665;300.3966036;529.2679989; 2.2 
66682;SANTA ROSA DE CABAL;66;Risaralda;224.051179;140.6584234;986.4872524;1351.196855; 5.6 
66687;SANTUARIO;66;Risaralda;108.5048809;21.45442355;171.4071111;301.3664155; 1.3 
68001;BUCARAMANGA;68;Santander;92.72452052;4278.921983;17125.84755;21497.49405; 25.4 
68013;AGUADA;68;Santander;4.717993838;1.609158792;18.29718564;24.62433827; 0.0 
68020;ALBANIA;68;Santander;77.53341902;13.41235983;142.8677168;233.8134956; 0.3 
68051;ARATOCA;68;Santander;82.31878301;26.21114145;272.7548706;381.2847951; 0.5 
68077;BARBOSA;68;Santander;75.60646049;40.9699814;551.4443647;668.0208066; 0.8 
68079;BARICHARA;68;Santander;63.83073919;13.90971646;148.8559829;226.5964386; 0.3 
68081;BARRANCABERMEJA;68;Santander;2641.570468;12986.56399;4540.162619;20168.29708; 23.8 
68092;BETULIA;68;Santander;68.369464;176.20309;82.36735121;326.9399052; 0.4 
68101;BOLIVAR;68;Santander;167.9907551;19.12755561;132.4878772;319.6061879; 0.4 
68121;CABRERA;68;Santander;13.85732929;2.406434664;22.75729626;39.02106021; 0.0 
68132;CALIFORNIA;68;Santander;10.17012468;2.384614336;25.87422377;38.42896279; 0.0 
68147;CAPITANEJO;68;Santander;85.64969022;9.85592217;72.43419701;167.9398094; 0.2 
68152;CARCASI;68;Santander;21.79805818;4.191935603;40.36410396;66.35409774; 0.1 
68160;CEPITA;68;Santander;9.438074805;1.714673765;19.75039286;30.90314143; 0.0 
68162;CERRITO;68;Santander;21.4496245;6.221790582;69.69611397;97.36752905; 0.1 
68167;CHARALA;68;Santander;58.01529911;14.4832119;161.3353813;233.8338923; 0.3 
68169;CHARTA;68;Santander;23.64410905;3.446344878;28.46337261;55.55382653; 0.1 
68176;CHIMA;68;Santander;39.04188482;4.451257185;30.40118328;73.89432527; 0.1 
68179;CHIPATA;68;Santander;32.5951499;5.530452204;49.54370429;87.66930639; 0.1 
68190;CIMITARRA;68;Santander;203.5940865;288.4854592;624.152156;1116.231702; 1.3 
68207;CONCEPCION;68;Santander;20.14245949;5.519308315;61.10524913;86.76701693; 0.1 
68209;CONFINES;68;Santander;52.21960768;5.376501022;32.67540497;90.27151367; 0.1 
68211;CONTRATACION;68;Santander;8.723867032;3.890158713;48.92810447;61.54213021; 0.1 
68217;COROMORO;68;Santander;35.57889665;5.528354961;47.6178495;88.72510111; 0.1 
68229;CURITI;68;Santander;138.2384273;18.81339378;146.4966659;303.5484869; 0.4 
68235;EL CARMEN DE CHUCURI;68;Santander;183.5585511;23.22891566;184.0495315;390.8369982; 0.5 
68245;EL GUACAMAYO;68;Santander;9.542689515;2.383485237;26.18142437;38.10759912; 0.0 
68250;EL PEÑON;68;Santander;26.49383967;4.894733665;46.18204119;77.57061452; 0.1 
68255;EL PLAYON;68;Santander;140.1763909;19.45271145;162.1395091;321.7686115; 0.4 
68264;ENCINO;68;Santander;15.53494686;2.7476014;25.75778212;44.04033038; 0.1 
68266;ENCISO;68;Santander;18.2622835;3.384993406;36.83080389;58.4780808; 0.1 
68271;FLORIAN;68;Santander;67.26593445;7.864631899;53.99400896;129.1245753; 0.2 
68276;FLORIDABLANCA;68;Santander;110.2700396;1392.030769;5475.72796;6978.028769; 8.2 
68296;GALAN;68;Santander;25.85136159;3.998191894;35.82405608;65.67360957; 0.1 
68298;GAMBITA;68;Santander;21.84147162;4.192575538;40.95570513;66.98975229; 0.1 
68307;GIRON;68;Santander;1830.100296;2200.923914;3519.041001;7550.065211; 8.9 
68318;GUACA;68;Santander;32.20917829;7.021499334;74.15153146;113.3822091; 0.1 
68320;GUADALUPE;68;Santander;34.16947818;5.758638402;53.55211604;93.48023262; 0.1 
68322;GUAPOTA;68;Santander;25.16762052;3.466489494;28.52825867;57.16236869; 0.1 
68324;GUAVATA;68;Santander;31.36875844;7.69441513;49.25678696;88.31996053; 0.1 
68327;GÜEPSA;68;Santander;31.92747333;6.426120688;65.80884702;104.162441; 0.1 
68344;HATO;68;Santander;20.65991889;2.632883407;24.15900455;47.45180685; 0.1 
68368;JESUS MARIA;68;Santander;18.71327278;3.920752609;40.44538155;63.07940694; 0.1 
68370;JORDAN;68;Santander;10.30612816;1.575569395;13.65062304;25.53232059; 0.0 
68377;LA BELLEZA;68;Santander;22.46269493;7.291222223;87.63886868;117.3927858; 0.1 
68385;LANDAZURI;68;Santander;120.8234389;14.3564779;136.5763829;271.7562997; 0.3 
68397;LA PAZ;68;Santander;17.29065328;4.881233193;54.32417138;76.49605785; 0.1 
68406;LEBRIJA;68;Santander;2986.606441;382.5748792;661.1809904;4030.36231; 4.8 
68418;LOS SANTOS;68;Santander;310.074623;31.2387858;189.9371288;531.2505375; 0.6 
68425;MACARAVITA;68;Santander;6.31915002;1.95429309;22.19834956;30.47179267; 0.0 
68432;MALAGA;68;Santander;22.04423545;21.8301603;303.2283338;347.1027296; 0.4 
68444;MATANZA;68;Santander;47.80427301;8.200060156;53.08007455;109.0844077; 0.1 
68464;MOGOTES;68;Santander;80.78429144;12.76666133;114.5129228;208.0638755; 0.2 
68468;MOLAGAVITA;68;Santander;26.55090864;4.595999118;42.30173817;73.44864592; 0.1 
68498;OCAMONTE;68;Santander;47.41808526;6.716697201;53.98878894;108.1235714; 0.1 
68500;OIBA;68;Santander;50.59141495;11.98904852;129.7868754;192.3673389; 0.2 
68502;ONZAGA;68;Santander;23.95579683;4.865407974;49.54092391;78.36212871; 0.1 
68522;PALMAR;68;Santander;8.018643447;1.428982866;16.30657866;25.75420498; 0.0 
68524;PALMAS DEL SOCORRO;68;Santander;94.97119849;7.636546082;29.41779384;132.0255384; 0.2 
68533;PARAMO;68;Santander;99.97042663;9.224430906;46.92523899;156.1200965; 0.2 
68547;PIEDECUESTA;68;Santander;597.8511403;727.172034;2903.695529;4228.718703; 5.0 
68549;PINCHOTE;68;Santander;88.33053285;9.748375219;65.67526059;163.7541687; 0.2 
68572;PUENTE NACIONAL;68;Santander;75.79782619;16.47550663;170.2842783;262.5576111; 0.3 
68573;PUERTO PARRA;68;Santander;69.81641776;11.80319112;115.8678892;197.487498; 0.2 
68575;PUERTO WILCHES;68;Santander;798.4032672;494.4037213;518.1690194;1810.976008; 2.1 
68615;RIONEGRO;68;Santander;1415.042725;98.01732559;341.1697468;1854.229797; 2.2 
68655;SABANA DE TORRES;68;Santander;728.9797093;124.385147;446.0634869;1299.428343; 1.5 
68669;SAN ANDRES;68;Santander;32.03453439;8.692535976;96.12741417;136.8544845; 0.2 
68673;SAN BENITO;68;Santander;144.4995079;10.60977802;29.2952585;184.4045444; 0.2 
68679;SAN GIL;68;Santander;198.6996594;98.13935003;1051.013975;1347.852985; 1.6 
68682;SAN JOAQUIN;68;Santander;7.883081933;2.469485655;29.29118782;39.64375541; 0.0 
68684;SAN JOSE DE MIRANDA;68;Santander;34.00914227;4.885953776;39.45898563;78.35408168; 0.1 
68686;SAN MIGUEL;68;Santander;15.25672845;2.659889144;25.52162285;43.43824044; 0.1 
68689;SAN VICENTE DE CHUCURI;68;Santander;418.0771103;44.92514279;385.7991033;848.8013564; 1.0 
68705;SANTA BARBARA;68;Santander;8.851838932;2.489425299;28.13163164;39.47289587; 0.0 
68720;SANTA HELENA DEL OPON;68;Santander;19.41859818;3.673591339;35.91379147;59.00598098; 0.1 
68745;SIMACOTA;68;Santander;99.59767886;12.47160814;105.2202376;217.2895246; 0.3 
68755;SOCORRO;68;Santander;222.8005448;53.12886398;590.1281137;866.0575225; 1.0 
68770;SUAITA;68;Santander;180.265453;19.99036804;136.8392637;337.0950848; 0.4 
68773;SUCRE;68;Santander;14.34040304;5.965485361;71.04494638;91.35083479; 0.1 
68780;SURATA;68;Santander;15.51918096;3.754585104;40.51232954;59.78609561; 0.1 
68820;TONA;68;Santander;76.27466332;10.34240076;83.91608762;170.5331517; 0.2 
68855;VALLE DE SAN JOSE;68;Santander;66.39198179;10.23685769;81.34515277;157.9739922; 0.2 
68861;VELEZ;68;Santander;133.7826502;34.58347202;320.2810944;488.6472166; 0.6 
68867;VETAS;68;Santander;13.26585557;1.963794293;27.8419877;43.07163756; 0.1 
68872;VILLANUEVA;68;Santander;41.64435039;11.85169298;105.5530876;159.049131; 0.2 
68895;ZAPATOCA;68;Santander;102.4556547;15.46671785;139.8008912;257.7232637; 0.3 
70001;SINCELEJO;70;Sucre;101.3954191;553.549215;4497.200667;5152.145301; 43.2 
70110;BUENAVISTA;70;Sucre;23.2601435;11.66154673;106.6625932;141.5842834; 1.2 
70124;CAIMITO;70;Sucre;45.51508704;10.26656951;78.44988884;134.2315454; 1.1 
70204;COLOSO;70;Sucre;12.60999896;4.918650148;41.19995854;58.72860765; 0.5 
70215;COROZAL;70;Sucre;116.8441646;124.1495989;464.2952203;705.2889839; 5.9 
70221;COVEÑAS;70;Sucre;10.03668078;25.83988769;278.409677;314.2862454; 2.6 
70230;CHALAN;70;Sucre;7.767635658;3.30953527;28.74250739;39.81967831; 0.3 
70233;EL ROBLE;70;Sucre;39.16307617;7.932527529;48.63901109;95.73461479; 0.8 
70235;GALERAS;70;Sucre;67.21190272;18.04228568;132.4315627;217.6857511; 1.8 
70265;GUARANDA;70;Sucre;59.13355327;14.75462585;104.4498088;178.3379879; 1.5 
70400;LA UNION;70;Sucre;67.70210932;8.654876158;64.98927785;141.3462633; 1.2 
70418;LOS PALMITOS;70;Sucre;46.53412872;17.05511859;141.6643279;205.2535752; 1.7 
70429;MAJAGUAL;70;Sucre;118.4004087;28.26817073;193.7411893;340.4097688; 2.9 
70473;MORROA;70;Sucre;19.48958219;10.64276561;97.76639712;127.8987449; 1.1 
70508;OVEJAS;70;Sucre;112.9494925;37.10439511;126.8265047;276.8803923; 2.3 
70523;PALMITO;70;Sucre;51.07409738;13.09964004;94.21410851;158.3878459; 1.3 
70670;SAMPUES;70;Sucre;65.12928946;30.78133518;273.0986244;369.0092491; 3.1 
70678;SAN BENITO ABAD;70;Sucre;58.11613191;17.97889852;139.3631778;215.4582082; 1.8 
70702;SAN JUAN DE BETULIA;70;Sucre;53.0023197;12.2252278;82.51732903;147.7448765; 1.2 
70708;SAN MARCOS;70;Sucre;80.67049888;80.83234702;388.324855;549.8277009; 4.6 
70713;SAN ONOFRE;70;Sucre;96.57147792;37.23764704;314.6007672;448.4098922; 3.8 
70717;SAN PEDRO;70;Sucre;51.25823549;14.65692367;110.716673;176.6318321; 1.5 
70742;SAN LUIS DE SINCE;70;Sucre;79.20681542;24.60211394;192.7046236;296.513553; 2.5 
70771;SUCRE;70;Sucre;52.76185562;16.75191123;139.3314719;208.8452387; 1.8 
70820;SANTIAGO DE TOLU;70;Sucre;30.43005362;33.56722878;343.2515598;407.2488422; 3.4 
70823;TOLU VIEJO;70;Sucre;42.71098779;620.6413905;158.1176246;821.4700028; 6.9 
73001;IBAGUE;73;Tolima;604.2652552;2111.291093;9708.807935;12424.36428; 39.8 
73024;ALPUJARRA;73;Tolima;56.54565601;6.515790396;39.327134;102.3885804; 0.3 
73026;ALVARADO;73;Tolima;106.2118547;18.73543115;97.84130421;222.7885901; 0.7 
73030;AMBALEMA;73;Tolima;70.06247355;9.32030989;67.01159508;146.3943785; 0.5 
73043;ANZOATEGUI;73;Tolima;140.0288831;14.8728441;80.31639909;235.2181263; 0.8 
73055;ARMERO;73;Tolima;128.6279856;16.78361839;116.8351178;262.2467217; 0.8 
73067;ATACO;73;Tolima;191.1516163;22.95418188;152.435887;366.5416852; 1.2 
73124;CAJAMARCA;73;Tolima;154.6599059;22.49801181;173.8932838;351.0512014; 1.1 
73148;CARMEN DE APICALA;73;Tolima;9.573010258;11.67731347;159.306099;180.5564227; 0.6 
73152;CASABIANCA;73;Tolima;83.5438238;9.323176882;54.30875371;147.1757544; 0.5 
73168;CHAPARRAL;73;Tolima;344.4745539;49.27511208;493.6762145;887.4258805; 2.8 
73200;COELLO;73;Tolima;73.39772469;386.4761162;80.90370632;540.7775472; 1.7 
73217;COYAIMA;73;Tolima;100.6720661;18.62910016;180.3663612;299.6675275; 1.0 
73226;CUNDAY;73;Tolima;55.49825442;9.548948189;83.21509932;148.2623019; 0.5 
73236;DOLORES;73;Tolima;73.35716763;10.04571099;73.15122553;156.5541042; 0.5 
73268;ESPINAL;73;Tolima;532.7918505;757.9734368;1428.018574;2718.783862; 8.7 
73270;FALAN;73;Tolima;108.05481;10.97643157;64.34681493;183.3780565; 0.6 
73275;FLANDES;73;Tolima;68.95330545;52.27052309;332.6457144;453.8695429; 1.5 
73283;FRESNO;73;Tolima;590.0229821;59.94108251;304.7464634;954.7105281; 3.1 
73319;GUAMO;73;Tolima;698.8288824;66.8473772;299.356752;1065.033012; 3.4 
73347;HERVEO;73;Tolima;131.8152288;13.88498365;75.20360983;220.9038223; 0.7 
73349;HONDA;73;Tolima;30.80664942;22.2523599;280.4510366;333.5100459; 1.1 
73352;ICONONZO;73;Tolima;185.8480425;19.20454227;98.37723956;303.4298243; 1.0 
73408;LERIDA;73;Tolima;137.9169012;35.63565677;175.5634185;349.1159765; 1.1 
73411;LIBANO;73;Tolima;218.5989911;38.87168858;393.8702011;651.3408807; 2.1 
73443;SAN SEBASTIAN DE MARIQUITA;73;Tolima;185.5623135;255.8742556;436.4831455;877.9197146; 2.8 
73449;MELGAR;73;Tolima;492.6334363;43.41173236;602.5574776;1138.602646; 3.6 
73461;MURILLO;73;Tolima;25.284066;4.884673361;45.94778368;76.11652304; 0.2 
73483;NATAGAIMA;73;Tolima;53.23762408;12.89756231;130.4462578;196.5814442; 0.6 
73504;ORTEGA;73;Tolima;236.2552245;28.674616;228.4936131;493.4234535; 1.6 
73520;PALOCABILDO;73;Tolima;87.35319864;11.65220031;83.30019994;182.3055989; 0.6 
73547;PIEDRAS;73;Tolima;175.0779198;12.90512321;79.33353268;267.3165757; 0.9 
73555;PLANADAS;73;Tolima;302.1714009;35.19102282;217.5979248;554.9603486; 1.8 
73563;PRADO;73;Tolima;74.16469691;12.79744849;119.4620777;206.4242231; 0.7 
73585;PURIFICACION;73;Tolima;392.4265215;123.3054706;241.4906889;757.222681; 2.4 
73616;RIOBLANCO;73;Tolima;101.7196932;19.39051346;177.3391105;298.4493171; 1.0 
73622;RONCESVALLES;73;Tolima;85.66190292;11.73094183;90.47156589;187.8644106; 0.6 
73624;ROVIRA;73;Tolima;227.3839919;27.52777964;176.6041303;431.5159018; 1.4 
73671;SALDAÑA;73;Tolima;182.6626407;22.71430772;153.3435077;358.7204561; 1.1 
73675;SAN ANTONIO;73;Tolima;95.60828684;14.15511302;110.4273843;220.1907841; 0.7 
73678;SAN LUIS;73;Tolima;190.7102018;19.95413716;110.083546;320.747885; 1.0 
73686;SANTA ISABEL;73;Tolima;85.27740567;9.394491099;54.34376955;149.0156663; 0.5 
73770;SUAREZ;73;Tolima;13.27078948;3.604341572;38.23999089;55.11512194; 0.2 
73854;VALLE DE SAN JUAN;73;Tolima;105.6548523;10.14138966;45.62207244;161.4183144; 0.5 
73861;VENADILLO;73;Tolima;84.93095581;73.50638201;139.4251757;297.8625135; 1.0 
73870;VILLAHERMOSA;73;Tolima;97.89058413;12.00788256;78.19630015;188.0947668; 0.6 
73873;VILLARRICA;73;Tolima;52.83696504;6.588103936;43.71537704;103.140446; 0.3 
76001;CALI;76;Valle Del Cauca;124.1144461;6106.568814;54859.88763;61090.57089; 44.4 
76020;ALCALA;76;Valle Del Cauca;325.9167552;18.5425559;193.3988613;537.8581724; 0.4 
76036;ANDALUCIA;76;Valle Del Cauca;162.4847149;46.14988746;311.610428;520.2450303; 0.4 
76041;ANSERMANUEVO;76;Valle Del Cauca;277.6237028;19.76681294;263.3397117;560.7302275; 0.4 
76054;ARGELIA;76;Valle Del Cauca;127.7724183;6.691625137;59.22774926;193.6917927; 0.1 
76100;BOLIVAR;76;Valle Del Cauca;444.6662331;27.83773666;177.1623723;649.6663421; 0.5 
76109;BUENAVENTURA;76;Valle Del Cauca;36.5305834;475.0933621;5531.557477;6043.181422; 4.4 
76111;GUADALAJARA DE BUGA;76;Valle Del Cauca;415.9091412;2408.608667;2609.36334;5433.881149; 3.9 
76113;BUGALAGRANDE;76;Valle Del Cauca;426.7143451;768.6224497;406.7814078;1602.118203; 1.2 
76122;CAICEDONIA;76;Valle Del Cauca;620.8417909;39.49254722;463.1338732;1123.468211; 0.8 
76126;CALIMA;76;Valle Del Cauca;127.5086282;21.02449822;443.1896317;591.7227581; 0.4 
76130;CANDELARIA;76;Valle Del Cauca;783.4442494;1475.51615;1778.025219;4036.985618; 2.9 
76147;CARTAGO;76;Valle Del Cauca;435.4389948;1113.645534;2434.600924;3983.685453; 2.9 
76233;DAGUA;76;Valle Del Cauca;695.4672205;170.533137;603.5221368;1469.522494; 1.1 
76243;EL AGUILA;76;Valle Del Cauca;159.6172615;10.03229938;115.7570207;285.4065816; 0.2 
76246;EL CAIRO;76;Valle Del Cauca;126.0692453;7.530043681;79.19615532;212.7954443; 0.2 
76248;EL CERRITO;76;Valle Del Cauca;362.3802351;501.4309793;936.916875;1800.728089; 1.3 
76250;EL DOVIO;76;Valle Del Cauca;143.4875823;9.983513343;131.5068826;284.9779782; 0.2 
76275;FLORIDA;76;Valle Del Cauca;341.2784939;99.16702636;783.6318277;1224.077348; 0.9 
76306;GINEBRA;76;Valle Del Cauca;261.9368452;106.6544649;384.2077073;752.7990175; 0.5 
76318;GUACARI;76;Valle Del Cauca;418.0374444;198.4019404;468.8828692;1085.322254; 0.8 
76364;JAMUNDI;76;Valle Del Cauca;679.88473;549.8113636;2865.722568;4095.418662; 3.0 
76377;LA CUMBRE;76;Valle Del Cauca;285.9089478;20.76267359;174.1622865;480.8339078; 0.3 
76400;LA UNION;76;Valle Del Cauca;271.9203298;36.94821586;494.9123336;803.7808794; 0.6 
76403;LA VICTORIA;76;Valle Del Cauca;158.0747831;12.8173352;182.8392378;353.7313561; 0.3 
76497;OBANDO;76;Valle Del Cauca;295.7572461;17.39255916;200.0646438;513.2144491; 0.4 
76520;PALMIRA;76;Valle Del Cauca;972.3173348;2927.138672;6548.580341;10448.03635; 7.6 
76563;PRADERA;76;Valle Del Cauca;231.8393033;313.3784541;741.998219;1287.215976; 0.9 
76606;RESTREPO;76;Valle Del Cauca;484.6768279;26.51943354;289.9543229;801.1505843; 0.6 
76616;RIOFRIO;76;Valle Del Cauca;217.2124208;106.1577493;194.132692;517.5028621; 0.4 
76622;ROLDANILLO;76;Valle Del Cauca;349.654302;33.24663482;501.9742133;884.8751501; 0.6 
76670;SAN PEDRO;76;Valle Del Cauca;353.3853959;33.71478639;225.6365384;612.7367207; 0.4 
76736;SEVILLA;76;Valle Del Cauca;911.6225877;57.95887073;576.5616676;1546.143126; 1.1 
76823;TORO;76;Valle Del Cauca;83.93920582;10.91867046;181.6256639;276.4835402; 0.2 
76828;TRUJILLO;76;Valle Del Cauca;241.2274175;18.59054889;229.7744506;489.5924169; 0.4 
76834;TULUA;76;Valle Del Cauca;376.916533;629.2006515;4221.668327;5227.785511; 3.8 
76845;ULLOA;76;Valle Del Cauca;99.35938028;6.790354385;76.78016937;182.929904; 0.1 
76863;VERSALLES;76;Valle Del Cauca;164.2074945;10.62524036;103.3307666;278.1635014; 0.2 
76869;VIJES;76;Valle Del Cauca;238.9283369;20.21773492;186.5538741;445.6999459; 0.3 
76890;YOTOCO;76;Valle Del Cauca;260.7336018;197.2451858;268.2213911;726.2001787; 0.5 
76892;YUMBO;76;Valle Del Cauca;114.3936863;7839.940438;4554.5277;12508.86182; 9.1 
76895;ZARZAL;76;Valle Del Cauca;268.8797492;671.162034;709.9429194;1649.984703; 1.2 
81001;ARAUCA;81;Arauca;1945.058248;58.47031454;901.9576635;2905.486226; 34.1 
81065;ARAUQUITA;81;Arauca;1647.744483;37.79881857;425.8233489;2111.366651; 24.8 
81220;CRAVO NORTE;81;Arauca;44.87929456;4.162768695;42.73906062;91.78112387; 1.1 
81300;FORTUL;81;Arauca;185.1779283;17.07176033;173.4646375;375.7143261; 4.4 
81591;PUERTO RONDON;81;Arauca;86.02895481;6.430947525;49.65861889;142.1185212; 1.7 
81736;SARAVENA;81;Arauca;293.6455361;43.73649167;602.2164688;939.5984966; 11.0 
81794;TAME;81;Arauca;1267.880728;234.4933787;460.5689668;1962.943074; 23.0 
85001;YOPAL;85;Casanare;2366.701065;412.7210717;3939.150246;6718.572383; 30.3 
85010;AGUAZUL;85;Casanare;1363.657855;186.7942619;631.7263145;2182.178431; 9.8 
85015;CHAMEZA;85;Casanare;18.20100109;2.158840008;36.45387359;56.81371469; 0.3 
85125;HATO COROZAL;85;Casanare;207.9388607;13.98240314;162.43178;384.3530439; 1.7 
85136;LA SALINA;85;Casanare;2.809236295;0.908782613;19.20056842;22.91858732; 0.1 
85139;MANI;85;Casanare;657.5844661;28.48032432;277.6944957;963.7592861; 4.3 
85162;MONTERREY;85;Casanare;65.74244915;13.18577236;266.8725288;345.8007503; 1.6 
85225;NUNCHIA;85;Casanare;174.7993474;13.70903245;194.2188356;382.7272155; 1.7 
85230;OROCUE;85;Casanare;1069.01011;111.833918;183.7031207;1364.547149; 6.2 
85250;PAZ DE ARIPORO;85;Casanare;1010.631069;40.87117685;549.6799267;1601.182173; 7.2 
85263;PORE;85;Casanare;164.9959778;81.12552844;160.2254715;406.3469777; 1.8 
85279;RECETOR;85;Casanare;6.785091484;1.190051444;22.37004504;30.34518797; 0.1 
85300;SABANALARGA;85;Casanare;10.30785819;2.873593142;59.33059364;72.51204497; 0.3 
85315;SACAMA;85;Casanare;7.288917038;1.527463911;29.5590567;38.37543765; 0.2 
85325;SAN LUIS DE PALENQUE;85;Casanare;545.8097579;13.9002613;115.0899413;674.7999605; 3.0 
85400;TAMARA;85;Casanare;35.42949073;4.908063691;85.35368696;125.6912414; 0.6 
85410;TAURAMENA;85;Casanare;2036.775258;29.09081454;397.0050758;2462.871148; 11.1 
85430;TRINIDAD;85;Casanare;310.5988761;14.80242119;190.5000234;515.9013206; 2.3 
85440;VILLANUEVA;85;Casanare;3142.527761;130.1525592;558.7306046;3831.410925; 17.3 
86001;MOCOA;86;Putumayo;202.5080827;64.97097318;727.6594645;995.1385203; 17.8 
86219;COLON;86;Putumayo;13.38502549;4.024126071;34.29512773;51.70427929; 0.9 
86320;ORITO;86;Putumayo;344.4170956;88.3137535;424.3338598;857.0647089; 15.3 
86568;PUERTO ASIS;86;Putumayo;697.3320018;70.95514743;760.1235567;1528.410706; 27.3 
86569;PUERTO CAICEDO;86;Putumayo;35.22213355;9.277958956;91.04748607;135.5475786; 2.4 
86571;PUERTO GUZMAN;86;Putumayo;112.8291578;24.39782191;176.2502264;313.4772061; 5.6 
86573;PUERTO LEGUIZAMO;86;Putumayo;69.69549179;21.44169066;184.3579543;275.4951368; 4.9 
86749;SIBUNDOY;86;Putumayo;12.78868027;9.096779407;94.99517845;116.8806381; 2.1 
86755;SAN FRANCISCO;86;Putumayo;5.622996953;3.406671534;34.74120085;43.77086934; 0.8 
86757;SAN MIGUEL;86;Putumayo;80.87092848;12.53326004;129.224353;222.6285415; 4.0 
86760;SANTIAGO;86;Putumayo;47.17774178;8.119793969;49.03023325;104.327769; 1.9 
86865;VALLE DEL GUAMUEZ;86;Putumayo;43.19324977;20.79568641;220.2305938;284.21953; 5.1 
86885;VILLAGARZON;86;Putumayo;475.486685;17.02764152;180.9538784;673.4682049; 12.0 
88001;SAN ANDRES;88;San Andres, Providencia y Santa Catalina (Archipielago);33.24689563;69.04366961;1792.598906;1894.889471; 90.5 
88564;PROVIDENCIA;88;San Andres, Providencia y Santa Catalina (Archipielago);5.966507125;4.373886275;189.107525;199.4479184; 9.5 
91001;LETICIA;91;Amazonas;233.9337028;45.35261626;637.6800713;916.9663904; 79.7 
91263;EL ENCANTO;91;Amazonas;0.20810841;0.546770431;19.52098342;20.27586226; 1.8 
91405;LA CHORRERA;91;Amazonas;0.057342054;0.378432525;13.62706968;14.06284426; 1.2 
91407;LA PEDRERA;91;Amazonas;1.241596614;0.699839103;24.03567868;25.9771144; 2.3 
91430;LA VICTORIA;91;Amazonas;0.012843234;0.112909864;4.065799;4.191552097; 0.4 
91460;MIRITI - PARANA;91;Amazonas;0.036469392;0.231120953;8.32249112;8.590081466; 0.7 
91530;PUERTO ALEGRIA;91;Amazonas;0.948845013;0.231529446;7.40331696;8.583691419; 0.7 
91536;PUERTO ARICA;91;Amazonas;0.020217984;0.199059921;6.268656951;6.487934855; 0.6 
91540;PUERTO NARIÑO;91;Amazonas;38.44542353;2.85764092;64.65747935;105.9605438; 9.2 
91669;PUERTO SANTANDER;91;Amazonas;0.034389828;0.434274969;14.15603104;14.62469584; 1.3 
91798;TARAPACA;91;Amazonas;2.364886612;0.770279028;22.10139585;25.23656149; 2.2 
94001;INIRIDA;94;Guainia;78.99453633;50.28504444;265.3257198;394.6053005; 74.0 
94343;BARRANCO MINAS;94;Guainia;22.28506703;8.092244873;49.21252892;79.58984083; 14.9 
94883;SAN FELIPE;94;Guainia;0.039965083;0.978258566;8.603265168;9.621488817; 1.8 
94884;PUERTO COLOMBIA;94;Guainia;0.017184986;1.851290742;16.33956639;18.20804212; 3.4 
94885;LA GUADALUPE;94;Guainia;0.015986033;0.153793313;1.342827542;1.512606889; 0.3 
94886;CACAHUAL;94;Guainia;0.080329817;1.148259088;10.06490993;11.29349884; 2.1 
94887;PANA PANA;94;Guainia;0.004995635;1.298063364;11.46381325;12.76687225; 2.4 
94888;MORICHAL;94;Guainia;0.069938896;0.588042545;5.125606834;5.783588275; 1.1 
95001;SAN JOSE DEL GUAVIARE;95;Guaviare;167.4560268;63.34850948;594.3599401;825.1644764; 67.7 
95015;CALAMAR;95;Guaviare;50.53549341;7.173607828;70.30563221;128.0147334; 10.5 
95025;EL RETORNO;95;Guaviare;82.85452901;15.70748425;100.7726709;199.3346842; 16.4 
95200;MIRAFLORES;95;Guaviare;23.34416631;3.692357476;38.94204499;65.97856878; 5.4 
97001;MITU;97;Vaupes;22.25357834;26.02029097;276.8646327;325.138502; 78.9 
97161;CARURU;97;Vaupes;5.519367804;2.625737293;24.67670809;32.82181319; 8.0 
97511;PACOA;97;Vaupes;0.122340509;1.46746911;17.23691199;18.8267216; 4.6 
97666;TARAIRA;97;Vaupes;6.870137832;2.084780932;17.68441048;26.63932925; 6.5 
97777;PAPUNAUA;97;Vaupes;0.021473404;0.33921179;3.98438626;4.345071454; 1.1 
97889;YAVARATE;97;Vaupes;0.042578431;0.317249415;3.714179192;4.074007038; 1.0 
99001;PUERTO CARREÑO;99;Vichada;14.68735499;16.49101623;167.1677139;198.3460851; 19.3 
99524;LA PRIMAVERA;99;Vichada;125.9719127;15.46418549;63.44570606;204.8818042; 19.9 
99624;SANTA ROSALIA;99;Vichada;147.0310175;14.81537931;33.38896202;195.2353589; 19.0 
99773;CUMARIBO;99;Vichada;117.9277318;37.14102085;273.8702742;428.9390268; 41.7 
;;;;;;;;
Fuente: DANE, Cuentas nacionales;;;;;;;;
pprovisional;;;;;;;;
Nota: las actividades comprenden la siguiente desagregación:;;;;;;;;
"* Incluye las actividades de agricultura, ganadería, silvicultura y pesca; y explotación de minas y canteras";;;;;;;;
** Incluye las actividades de industrias manufactureras y construcción;;;;;;;;
"*** Incluye las actividades de electricidad, gas y agua; comercio; reparación de vehículos automotores; transporte; alojamiento y servicios de comida; información y comunicaciones; actividades financieras y de seguros; actividades inmobiliarias; actividades profesionales, científicas y técnicas; actividades de servicios administrativos y de apoyo; administración pública ; educación; salud; actividades artísticas, de entretenimiento y recreación; actividades de los hogares individuales";;;;;;;;
Actualizado el 28 de marzo de 2025;;;;;;;;
